{"stats":{"minecraft:crafted":{"minecraft:smooth_stone":150,"minecraft:chainmail_helmet":4,"minecraft:purple_bed":2,"minecraft:birch_boat":2,"minecraft:oak_pressure_plate":4,"minecraft:lever":2,"minecraft:diamond_shovel":2,"minecraft:bookshelf":16,"minecraft:cooked_mutton":97,"minecraft:glass":131,"minecraft:quartz_block":172,"minecraft:melon_seeds":1,"minecraft:polished_blackstone":4,"minecraft:birch_door":3,"minecraft:magenta_dye":1,"minecraft:cooked_rabbit":2,"minecraft:deepslate":1,"minecraft:cooked_porkchop":60,"minecraft:emerald":125,"minecraft:copper_ingot":57,"minecraft:stone_brick_stairs":1,"minecraft:iron_pickaxe":33,"minecraft:gold_ingot":4,"minecraft:light_gray_dye":1,"minecraft:composter":2,"minecraft:smooth_stone_slab":34,"minecraft:jukebox":1,"minecraft:iron_nugget":117,"minecraft:spyglass":2,"minecraft:diamond_hoe":4,"minecraft:bone_meal":183,"minecraft:lantern":12,"minecraft:ladder":3,"minecraft:stone_pickaxe":19,"minecraft:redstone_block":37,"minecraft:chainmail_leggings":2,"minecraft:wheat":81,"minecraft:crossbow":1,"minecraft:enchanting_table":1,"minecraft:crimson_slab":48,"minecraft:glowstone":22,"minecraft:enchanted_book":1,"minecraft:oak_fence_gate":1,"minecraft:crimson_stairs":24,"minecraft:chainmail_boots":2,"minecraft:birch_trapdoor":12,"minecraft:wooden_axe":1,"minecraft:oak_stairs":16,"minecraft:iron_shovel":12,"minecraft:iron_leggings":5,"minecraft:white_bed":6,"minecraft:note_block":1,"minecraft:grindstone":1,"minecraft:oak_planks":2576,"minecraft:barrel":30,"minecraft:cooked_chicken":8,"minecraft:stone":333,"minecraft:hopper":4,"minecraft:bow":5,"minecraft:iron_boots":8,"minecraft:chest":61,"minecraft:birch_button":1,"minecraft:stone_hoe":2,"minecraft:oak_fence":24,"minecraft:golden_sword":1,"minecraft:golden_boots":1,"minecraft:smoker":2,"minecraft:oak_slab":258,"minecraft:item_frame":14,"minecraft:arrow":20,"minecraft:crafting_table":11,"minecraft:spruce_planks":24,"minecraft:baked_potato":68,"minecraft:wooden_pickaxe":2,"minecraft:iron_helmet":5,"minecraft:birch_pressure_plate":2,"minecraft:chainmail_chestplate":4,"minecraft:birch_planks":476,"minecraft:pumpkin_seeds":4,"minecraft:dispenser":4,"minecraft:spruce_trapdoor":4,"minecraft:book":50,"minecraft:iron_chestplate":6,"minecraft:paper":153,"minecraft:diamond_pickaxe":4,"minecraft:purple_dye":6,"minecraft:shield":11,"minecraft:stick":2824,"minecraft:iron_ingot":680,"minecraft:redstone_torch":1,"minecraft:deepslate_bricks":2,"minecraft:shears":1,"minecraft:purple_wool":6,"minecraft:redstone":18,"minecraft:raw_iron":18,"minecraft:furnace":10,"minecraft:stone_button":2,"minecraft:glass_pane":192,"minecraft:polished_deepslate":6,"minecraft:iron_axe":19,"minecraft:birch_sign":6,"minecraft:observer":1,"minecraft:minecart":1,"minecraft:cooked_beef":23,"minecraft:red_dye":3,"minecraft:crimson_planks":272,"minecraft:iron_sword":5,"minecraft:golden_shovel":8,"minecraft:bucket":6,"minecraft:stone_axe":8,"minecraft:bread":2,"minecraft:air":0,"minecraft:blue_dye":3,"minecraft:oak_boat":1,"minecraft:stonecutter":2,"minecraft:crimson_door":3,"minecraft:torch":1028,"minecraft:lapis_block":24},"minecraft:killed_by":{"minecraft:piglin_brute":3,"minecraft:magma_cube":1,"minecraft:zombie":1,"minecraft:warden":18,"minecraft:creeper":1,"minecraft:blaze":1,"minecraft:skeleton":5},"minecraft:dropped":{"minecraft:iron_sword":3,"minecraft:lapis_lazuli":32,"minecraft:cooked_beef":9,"minecraft:cooked_porkchop":13,"minecraft:weeping_vines":3,"minecraft:rail":8,"minecraft:emerald":2,"minecraft:dirt":6,"minecraft:gold_nugget":4,"minecraft:bone_block":1,"minecraft:iron_pickaxe":9,"minecraft:white_wool":1,"minecraft:bone":44,"minecraft:stone_axe":3,"minecraft:golden_chestplate":1,"minecraft:cobbled_deepslate":474,"minecraft:rotten_flesh":4,"minecraft:oak_planks":28,"minecraft:salmon":2,"minecraft:lectern":1,"minecraft:egg":16,"minecraft:crimson_planks":4,"minecraft:iron_ingot":21,"minecraft:wheat_seeds":21,"minecraft:dripstone_block":10,"minecraft:iron_helmet":5,"minecraft:cobblestone":109,"minecraft:apple":4,"minecraft:potion":2,"minecraft:iron_shovel":2,"minecraft:paper":1,"minecraft:string":2,"minecraft:lily_pad":2,"minecraft:pink_tulip":1,"minecraft:stone_sword":1,"minecraft:deepslate":82,"minecraft:iron_boots":8,"minecraft:shears":1,"minecraft:stone":11,"minecraft:spider_eye":2,"minecraft:bow":4,"minecraft:soul_sand":2,"minecraft:warped_fungus":1,"minecraft:oak_log":215,"minecraft:baked_potato":6,"minecraft:music_disc_13":1,"minecraft:crimson_roots":2,"minecraft:gilded_blackstone":1,"minecraft:birch_log":5,"minecraft:gold_ingot":13,"minecraft:gravel":65,"minecraft:spyglass":2,"minecraft:pointed_dripstone":2,"minecraft:cooked_mutton":9,"minecraft:carrot":122,"minecraft:arrow":8,"minecraft:netherrack":129,"minecraft:bread":2,"minecraft:netherite_axe":1,"minecraft:diorite":44,"minecraft:torch":28,"minecraft:nether_wart_block":2,"minecraft:iron_leggings":3,"minecraft:iron_axe":5,"minecraft:bucket":1,"minecraft:kelp":34,"minecraft:raw_copper":38,"minecraft:tuff":56,"minecraft:stripped_oak_log":1,"minecraft:shield":5,"minecraft:iron_chestplate":4,"minecraft:andesite":22,"minecraft:purple_bed":2,"minecraft:stone_pickaxe":5,"minecraft:raw_gold":1},"minecraft:picked_up":{"minecraft:iron_chestplate":7,"minecraft:lead":7,"minecraft:oak_stairs":1,"minecraft:enchanted_book":1,"minecraft:brewing_stand":1,"minecraft:golden_sword":2,"minecraft:amethyst_block":71,"minecraft:polished_deepslate":6,"minecraft:soul_soil":2,"minecraft:string":48,"minecraft:shroomlight":4,"minecraft:gold_nugget":86,"minecraft:cobbled_deepslate":1677,"minecraft:spruce_planks":5,"minecraft:melon_slice":112,"minecraft:golden_chestplate":2,"minecraft:stone_sword":4,"minecraft:blaze_rod":12,"minecraft:birch_log":151,"minecraft:magma_block":16,"minecraft:feather":50,"minecraft:cooked_beef":19,"minecraft:water_bucket":5,"minecraft:smoker":3,"minecraft:flint":48,"minecraft:lantern":10,"minecraft:stonecutter":5,"minecraft:glowstone_dust":332,"minecraft:stripped_crimson_stem":1,"minecraft:ink_sac":1,"minecraft:crimson_door":3,"minecraft:barrel":5,"minecraft:quartz_bricks":5,"minecraft:dispenser":1,"minecraft:deepslate":82,"minecraft:granite":40,"minecraft:bread":4,"minecraft:diamond_pickaxe":2,"minecraft:crimson_roots":21,"minecraft:crafting_table":25,"minecraft:cornflower":16,"minecraft:flint_and_steel":1,"minecraft:iron_shovel":8,"minecraft:beef":22,"minecraft:poppy":6,"minecraft:minecart":9,"minecraft:chest":14,"minecraft:birch_sapling":9,"minecraft:egg":174,"minecraft:stone":54,"minecraft:fire_charge":7,"minecraft:carrot":238,"minecraft:redstone":323,"minecraft:peony":2,"minecraft:shears":1,"minecraft:deepslate_bricks":34,"minecraft:hay_block":19,"minecraft:gold_ingot":5,"minecraft:polished_blackstone":1,"minecraft:crimson_slab":4,"minecraft:mutton":77,"minecraft:rail":2,"minecraft:bone_block":48,"minecraft:white_wool":64,"minecraft:oxeye_daisy":1,"minecraft:stripped_oak_log":4,"minecraft:birch_leaves":8,"minecraft:clock":1,"minecraft:oak_log":1346,"minecraft:lily_pad":2,"minecraft:golden_boots":6,"minecraft:paper":1,"minecraft:white_banner":2,"minecraft:apple":13,"minecraft:kelp":34,"minecraft:stone_pickaxe":19,"minecraft:iron_sword":14,"minecraft:smooth_basalt":83,"minecraft:spyglass":2,"minecraft:gravel":179,"minecraft:crimson_stairs":1,"minecraft:spruce_log":6,"minecraft:purple_bed":7,"minecraft:stone_axe":4,"minecraft:polished_diorite":32,"minecraft:gray_wool":5,"minecraft:baked_potato":65,"minecraft:hopper":1,"minecraft:ender_pearl":8,"minecraft:chiseled_deepslate":1,"minecraft:wheat":288,"minecraft:nether_brick_fence":5,"minecraft:potion":2,"minecraft:gilded_blackstone":3,"minecraft:stone_brick_stairs":19,"minecraft:crimson_planks":9,"minecraft:raw_copper":155,"minecraft:smooth_stone_slab":51,"minecraft:iron_leggings":7,"minecraft:deepslate_tiles":8,"minecraft:smooth_stone":80,"minecraft:bucket":2,"minecraft:white_tulip":1,"minecraft:red_dye":6,"minecraft:rose_bush":9,"minecraft:calcite":150,"minecraft:iron_pickaxe":34,"minecraft:iron_boots":9,"minecraft:furnace":14,"minecraft:stick":258,"minecraft:oak_fence":24,"minecraft:torch":311,"minecraft:porkchop":115,"minecraft:pointed_dripstone":37,"minecraft:diorite":66,"minecraft:quartz_block":4,"minecraft:rotten_flesh":90,"minecraft:obsidian":23,"minecraft:cobblestone":3004,"minecraft:enchanting_table":1,"minecraft:lilac":1,"minecraft:magma_cream":2,"minecraft:andesite":38,"minecraft:chiseled_quartz_block":2,"minecraft:potato":128,"minecraft:tuff":338,"minecraft:dirt":2401,"minecraft:lapis_lazuli":273,"minecraft:leather_boots":1,"minecraft:bone":232,"minecraft:bow":10,"minecraft:wheat_seeds":757,"minecraft:deepslate_brick_slab":26,"minecraft:raw_gold":64,"minecraft:grindstone":1,"minecraft:fletching_table":1,"minecraft:oak_planks":304,"minecraft:cooked_porkchop":24,"minecraft:music_disc_13":2,"minecraft:poisonous_potato":3,"minecraft:sand":709,"minecraft:grass_block":1,"minecraft:mossy_cobblestone":23,"minecraft:sugar":1,"minecraft:diamond":55,"minecraft:cracked_polished_blackstone_bricks":76,"minecraft:crossbow":3,"minecraft:grass":1,"minecraft:golden_apple":2,"minecraft:emerald":13,"minecraft:oak_sapling":252,"minecraft:netherrack":2401,"minecraft:allium":34,"minecraft:chicken":46,"minecraft:ladder":3,"minecraft:wooden_pickaxe":1,"minecraft:gold_block":15,"minecraft:shield":18,"minecraft:iron_axe":11,"minecraft:quartz_slab":17,"minecraft:blackstone":109,"minecraft:oak_boat":12,"minecraft:light_gray_wool":13,"minecraft:lectern":186,"minecraft:sugar_cane":141,"minecraft:phantom_membrane":1,"minecraft:raw_iron":665,"minecraft:polished_blackstone_bricks":64,"minecraft:quartz_pillar":16,"minecraft:weeping_vines":11,"minecraft:arrow":187,"minecraft:nether_bricks":30,"minecraft:pink_tulip":4,"minecraft:basalt":390,"minecraft:glow_ink_sac":21,"minecraft:crimson_stem":296,"minecraft:salmon":2,"minecraft:leather":26,"minecraft:birch_planks":152,"minecraft:crimson_fungus":4,"minecraft:nether_wart_block":44,"minecraft:gunpowder":18,"minecraft:deepslate_tile_slab":3,"minecraft:wooden_hoe":2,"minecraft:cooked_mutton":47,"minecraft:iron_ingot":60,"minecraft:soul_sand":196,"minecraft:book":1,"minecraft:sculk_catalyst":1,"minecraft:oak_slab":42,"minecraft:warped_fungus":1,"minecraft:pumpkin":40,"minecraft:birch_boat":21,"minecraft:quartz":987,"minecraft:dandelion":71,"minecraft:dripstone_block":16,"minecraft:amethyst_shard":14,"minecraft:blast_furnace":3,"minecraft:white_bed":16,"minecraft:spider_eye":15,"minecraft:chainmail_leggings":1,"minecraft:iron_helmet":11,"minecraft:black_wool":1,"minecraft:coal":992},"minecraft:used":{"minecraft:chiseled_deepslate":11,"minecraft:dispenser":5,"minecraft:polished_blackstone":2,"minecraft:ladder":7,"minecraft:chest":69,"minecraft:quartz_stairs":25,"minecraft:rotten_flesh":14,"minecraft:deepslate_brick_slab":76,"minecraft:quartz_pillar":48,"minecraft:birch_sapling":2,"minecraft:quartz_block":3,"minecraft:stone_brick_stairs":176,"minecraft:bow":28,"minecraft:furnace":13,"minecraft:oak_sapling":81,"minecraft:egg":134,"minecraft:potato":41,"minecraft:powered_rail":2,"minecraft:blackstone":17,"minecraft:wooden_pickaxe":77,"minecraft:composter":2,"minecraft:golden_apple":2,"minecraft:sand":2,"minecraft:blast_furnace":3,"minecraft:chiseled_quartz_block":23,"minecraft:pumpkin_seeds":1,"minecraft:deepslate_tiles":20,"minecraft:stone_button":2,"minecraft:lectern":185,"minecraft:nether_wart_block":41,"minecraft:oak_boat":13,"minecraft:enchanting_table":2,"minecraft:netherrack":1046,"minecraft:torch":1157,"minecraft:brewing_stand":1,"minecraft:golden_shovel":260,"minecraft:oak_fence_gate":1,"minecraft:polished_diorite":32,"minecraft:iron_axe":2681,"minecraft:barrel":30,"minecraft:smooth_basalt":25,"minecraft:basalt":125,"minecraft:glowstone":22,"minecraft:cobbled_deepslate":178,"minecraft:observer":1,"minecraft:calcite":76,"minecraft:wheat_seeds":298,"minecraft:water_bucket":68,"minecraft:birch_planks":54,"minecraft:fletching_table":1,"minecraft:deepslate_bricks":121,"minecraft:polished_blackstone_bricks":53,"minecraft:gilded_blackstone":1,"minecraft:rail":7,"minecraft:oak_slab":210,"minecraft:crafting_table":33,"minecraft:birch_sign":4,"minecraft:white_bed":18,"minecraft:oak_log":193,"minecraft:diamond_pickaxe":1736,"minecraft:diamond_shovel":559,"minecraft:iron_pickaxe":7827,"minecraft:spruce_trapdoor":4,"minecraft:cobblestone":873,"minecraft:purple_bed":7,"minecraft:crimson_stairs":25,"minecraft:cooked_porkchop":40,"minecraft:glass_pane":192,"minecraft:jukebox":1,"minecraft:iron_shovel":2046,"minecraft:polished_deepslate":57,"minecraft:shield":357,"minecraft:iron_sword":346,"minecraft:grass":1,"minecraft:iron_chestplate":1,"minecraft:birch_pressure_plate":2,"minecraft:carrot":105,"minecraft:deepslate_tile_slab":127,"minecraft:tuff":2,"minecraft:music_disc_13":1,"minecraft:milk_bucket":1,"minecraft:obsidian":20,"minecraft:glass":41,"minecraft:quartz_slab":95,"minecraft:lantern":17,"minecraft:iron_helmet":1,"minecraft:crimson_roots":1,"minecraft:item_frame":14,"minecraft:birch_button":1,"minecraft:birch_trapdoor":12,"minecraft:golden_sword":32,"minecraft:birch_leaves":6,"minecraft:stone_pickaxe":1370,"minecraft:oak_planks":517,"minecraft:sugar_cane":4,"minecraft:note_block":1,"minecraft:shears":9,"minecraft:redstone_torch":1,"minecraft:lever":2,"minecraft:bread":3,"minecraft:melon_slice":60,"minecraft:string":2,"minecraft:deepslate":1,"minecraft:gravel":34,"minecraft:grindstone":2,"minecraft:crimson_door":5,"minecraft:cooked_rabbit":1,"minecraft:andesite":2,"minecraft:smooth_stone_slab":135,"minecraft:bone_meal":186,"minecraft:oak_fence":25,"minecraft:rose_bush":1,"minecraft:flint_and_steel":3,"minecraft:white_tulip":1,"minecraft:redstone":1,"minecraft:spruce_planks":3,"minecraft:stone_hoe":170,"minecraft:cooked_chicken":8,"minecraft:dirt":1402,"minecraft:spyglass":45,"minecraft:white_carpet":1,"minecraft:hopper":5,"minecraft:birch_door":2,"minecraft:stone_brick_slab":12,"minecraft:wooden_axe":12,"minecraft:bookshelf":16,"minecraft:oak_stairs":14,"minecraft:crimson_slab":42,"minecraft:crimson_planks":215,"minecraft:deepslate_tile_stairs":8,"minecraft:cooked_beef":106,"minecraft:quartz_bricks":59,"minecraft:cooked_mutton":73,"minecraft:amethyst_block":10,"minecraft:pink_tulip":1,"minecraft:baked_potato":76,"minecraft:birch_boat":21,"minecraft:stonecutter":7,"minecraft:smoker":5,"minecraft:apple":7,"minecraft:cracked_polished_blackstone_bricks":49,"minecraft:netherite_axe":2,"minecraft:stone_slab":4,"minecraft:stone_axe":439,"minecraft:white_banner":2,"minecraft:bucket":75,"minecraft:smooth_stone":47},"minecraft:killed":{"minecraft:cave_spider":1,"minecraft:skeleton":300,"minecraft:chicken":47,"minecraft:magma_cube":65,"minecraft:salmon":2,"minecraft:pillager":14,"minecraft:zombie":80,"minecraft:cow":5,"minecraft:warden":1,"minecraft:wandering_trader":1,"minecraft:enderman":9,"minecraft:witch":1,"minecraft:spider":26,"minecraft:silverfish":6,"minecraft:piglin_brute":5,"minecraft:piglin":5,"minecraft:pig":32,"minecraft:zombie_villager":2,"minecraft:creeper":6,"minecraft:sheep":48,"minecraft:trader_llama":4,"minecraft:ghast":3,"minecraft:blaze":20,"minecraft:phantom":1,"minecraft:drowned":3,"minecraft:hoglin":19,"minecraft:wither_skeleton":5},"minecraft:broken":{"minecraft:golden_sword":1,"minecraft:stone_hoe":1,"minecraft:wooden_pickaxe":1,"minecraft:shield":4,"minecraft:iron_axe":12,"minecraft:iron_pickaxe":26,"minecraft:iron_shovel":7,"minecraft:golden_shovel":8,"minecraft:stone_pickaxe":9,"minecraft:stone_axe":4},"minecraft:mined":{"minecraft:white_bed":13,"minecraft:obsidian":24,"minecraft:granite":13,"minecraft:deepslate_bricks":35,"minecraft:hopper":1,"minecraft:crimson_fungus":5,"minecraft:oxeye_daisy":1,"minecraft:polished_blackstone_bricks":67,"minecraft:weeping_vines_plant":12,"minecraft:magma_block":9,"minecraft:cobbled_deepslate":32,"minecraft:fire":89,"minecraft:barrel":5,"minecraft:pumpkin":22,"minecraft:deepslate_lapis_ore":17,"minecraft:enchanting_table":1,"minecraft:quartz_slab":15,"minecraft:oak_stairs":1,"minecraft:tripwire":2,"minecraft:kelp_plant":5,"minecraft:smoker":3,"minecraft:crimson_nylium":47,"minecraft:amethyst_cluster":3,"minecraft:deepslate_tile_slab":4,"minecraft:torch":52,"minecraft:blast_furnace":3,"minecraft:melon":22,"minecraft:glass":9,"minecraft:sugar_cane":90,"minecraft:crimson_stairs":1,"minecraft:amethyst_block":68,"minecraft:wheat":269,"minecraft:stone_brick_stairs":19,"minecraft:grass":223,"minecraft:smooth_basalt":56,"minecraft:red_mushroom_block":11,"minecraft:stonecutter":5,"minecraft:stripped_crimson_stem":1,"minecraft:deepslate":1908,"minecraft:attached_pumpkin_stem":1,"minecraft:deepslate_tiles":8,"minecraft:mossy_cobblestone":24,"minecraft:nether_bricks":25,"minecraft:allium":13,"minecraft:crimson_roots":17,"minecraft:andesite":21,"minecraft:potatoes":37,"minecraft:rail":3,"minecraft:bone_block":15,"minecraft:oak_slab":37,"minecraft:glass_pane":12,"minecraft:soul_sand":41,"minecraft:dandelion":25,"minecraft:cornflower":10,"minecraft:emerald_ore":4,"minecraft:crimson_slab":4,"minecraft:tall_grass":22,"minecraft:copper_ore":12,"minecraft:deepslate_gold_ore":35,"minecraft:diorite":70,"minecraft:purple_bed":6,"minecraft:spruce_log":6,"minecraft:birch_leaves":42,"minecraft:quartz_pillar":16,"minecraft:dripstone_block":8,"minecraft:gravel":151,"minecraft:polished_blackstone":1,"minecraft:gold_ore":6,"minecraft:infested_stone":2,"minecraft:spruce_planks":3,"minecraft:oak_sapling":1,"minecraft:sculk_vein":5,"minecraft:brewing_stand":1,"minecraft:budding_amethyst":4,"minecraft:grass_block":1313,"minecraft:cracked_polished_blackstone_bricks":50,"minecraft:soul_soil":2,"minecraft:polished_diorite":32,"minecraft:gilded_blackstone":1,"minecraft:smooth_stone":70,"minecraft:glowstone":75,"minecraft:sculk_catalyst":1,"minecraft:iron_ore":267,"minecraft:pointed_dripstone":10,"minecraft:deepslate_redstone_ore":55,"minecraft:quartz_block":2,"minecraft:blackstone":99,"minecraft:chiseled_quartz_block":2,"minecraft:calcite":115,"minecraft:poppy":3,"minecraft:chest":14,"minecraft:mushroom_stem":3,"minecraft:nether_quartz_ore":759,"minecraft:cobblestone":184,"minecraft:grindstone":1,"minecraft:oak_planks":147,"minecraft:wall_torch":37,"minecraft:nether_wart_block":47,"minecraft:birch_log":146,"minecraft:smooth_stone_slab":46,"minecraft:oak_log":948,"minecraft:sand":705,"minecraft:dirt":920,"minecraft:crimson_planks":12,"minecraft:dispenser":1,"minecraft:netherrack":2338,"minecraft:oak_leaves":296,"minecraft:nether_gold_ore":6,"minecraft:tuff":284,"minecraft:dark_oak_leaves":1,"minecraft:deepslate_diamond_ore":28,"minecraft:weeping_vines":8,"minecraft:spruce_leaves":1,"minecraft:crimson_stem":220,"minecraft:hay_block":18,"minecraft:deepslate_brick_slab":23,"minecraft:furnace":10,"minecraft:carrots":57,"minecraft:chiseled_deepslate":1,"minecraft:peony":1,"minecraft:gold_block":15,"minecraft:nether_brick_fence":5,"minecraft:polished_deepslate":6,"minecraft:deepslate_iron_ore":188,"minecraft:shroomlight":4,"minecraft:lantern":8,"minecraft:crimson_door":1,"minecraft:packed_ice":2,"minecraft:stone":2727,"minecraft:white_tulip":1,"minecraft:basalt":261,"minecraft:crafting_table":24,"minecraft:oak_fence":14,"minecraft:rose_bush":1,"minecraft:sculk_sensor":2,"minecraft:lectern":186,"minecraft:quartz_bricks":5,"minecraft:lapis_ore":5,"minecraft:sculk":12,"minecraft:birch_planks":6,"minecraft:white_wall_banner":1,"minecraft:coal_ore":529},"minecraft:custom":{"minecraft:interact_with_crafting_table":309,"minecraft:open_barrel":72,"minecraft:leave_game":55,"minecraft:time_since_death":656680,"minecraft:damage_blocked_by_shield":16000,"minecraft:play_time":2215347,"minecraft:deaths":32,"minecraft:jump":30704,"minecraft:enchant_item":29,"minecraft:interact_with_furnace":145,"minecraft:play_record":1,"minecraft:traded_with_villager":147,"minecraft:sleep_in_bed":66,"minecraft:damage_dealt":83121,"minecraft:interact_with_smoker":131,"minecraft:inspect_dispenser":23,"minecraft:horse_one_cm":2883,"minecraft:interact_with_smithing_table":2,"minecraft:interact_with_anvil":13,"minecraft:inspect_hopper":1,"minecraft:sneak_time":80208,"minecraft:interact_with_blast_furnace":92,"minecraft:total_world_time":2215347,"minecraft:tune_noteblock":98,"minecraft:interact_with_stonecutter":88,"minecraft:time_since_rest":1836,"minecraft:swim_one_cm":140845,"minecraft:fly_one_cm":6419810,"minecraft:open_chest":1588,"minecraft:fall_one_cm":704477,"minecraft:animals_bred":177,"minecraft:sprint_one_cm":5073607,"minecraft:drop":244,"minecraft:talked_to_villager":420,"minecraft:interact_with_brewingstand":2,"minecraft:walk_on_water_one_cm":143016,"minecraft:player_kills":1,"minecraft:crouch_one_cm":270227,"minecraft:mob_kills":722,"minecraft:climb_one_cm":60468,"minecraft:walk_one_cm":4807995,"minecraft:walk_under_water_one_cm":44907,"minecraft:boat_one_cm":463505,"minecraft:interact_with_grindstone":24,"minecraft:damage_taken":22713,"minecraft:damage_absorbed":40}},"DataVersion":3465}