{"stats":{"minecraft:used":{"minecraft:oak_fence":1,"minecraft:iron_shovel":757,"minecraft:white_tulip":1,"minecraft:chest":22,"minecraft:shield":99,"minecraft:cooked_chicken":1,"minecraft:rotten_flesh":2,"minecraft:torch":303,"minecraft:dirt":355,"minecraft:spyglass":11,"minecraft:birch_door":2,"minecraft:stone_brick_slab":12,"minecraft:glass":8,"minecraft:wooden_axe":12,"minecraft:lantern":10,"minecraft:iron_axe":619,"minecraft:oak_stairs":13,"minecraft:birch_sapling":1,"minecraft:barrel":11,"minecraft:stone_brick_stairs":4,"minecraft:item_frame":6,"minecraft:smooth_basalt":1,"minecraft:oak_sapling":26,"minecraft:furnace":8,"minecraft:egg":2,"minecraft:cooked_beef":8,"minecraft:cobbled_deepslate":5,"minecraft:calcite":1,"minecraft:cooked_mutton":26,"minecraft:water_bucket":8,"minecraft:amethyst_block":2,"minecraft:pink_tulip":1,"minecraft:birch_leaves":6,"minecraft:birch_planks":31,"minecraft:oak_planks":501,"minecraft:stone_pickaxe":468,"minecraft:wooden_pickaxe":77,"minecraft:stonecutter":2,"minecraft:oak_slab":204,"minecraft:sand":2,"minecraft:blast_furnace":3,"minecraft:crafting_table":22,"minecraft:white_bed":6,"minecraft:shears":8,"minecraft:smoker":5,"minecraft:oak_log":192,"minecraft:apple":6,"minecraft:iron_pickaxe":712,"minecraft:stone_axe":434,"minecraft:cobblestone":105,"minecraft:purple_bed":7,"minecraft:cooked_porkchop":31,"minecraft:bucket":10,"minecraft:glass_pane":128,"minecraft:smooth_stone_slab":52,"minecraft:oak_boat":5},"minecraft:killed":{"minecraft:spider":5,"minecraft:skeleton":13,"minecraft:chicken":4,"minecraft:silverfish":6,"minecraft:drowned":3,"minecraft:pig":24,"minecraft:wandering_trader":1,"minecraft:creeper":1,"minecraft:sheep":21,"minecraft:trader_llama":2,"minecraft:pillager":7,"minecraft:zombie":27,"minecraft:enderman":5,"minecraft:cow":5},"minecraft:custom":{"minecraft:mob_kills":130,"minecraft:interact_with_crafting_table":118,"minecraft:open_barrel":3,"minecraft:leave_game":19,"minecraft:time_since_death":169788,"minecraft:climb_one_cm":4974,"minecraft:sprint_one_cm":1428695,"minecraft:walk_one_cm":1057693,"minecraft:damage_blocked_by_shield":4120,"minecraft:drop":54,"minecraft:talked_to_villager":4,"minecraft:play_time":469191,"minecraft:sneak_time":4930,"minecraft:deaths":8,"minecraft:walk_under_water_one_cm":11628,"minecraft:boat_one_cm":353094,"minecraft:jump":7857,"minecraft:interact_with_brewingstand":1,"minecraft:interact_with_blast_furnace":26,"minecraft:walk_on_water_one_cm":65779,"minecraft:total_world_time":469191,"minecraft:interact_with_furnace":78,"minecraft:interact_with_stonecutter":7,"minecraft:sleep_in_bed":24,"minecraft:time_since_rest":34375,"minecraft:damage_taken":4829,"minecraft:damage_dealt":19287,"minecraft:swim_one_cm":73967,"minecraft:fly_one_cm":1610007,"minecraft:open_chest":199,"minecraft:crouch_one_cm":8008,"minecraft:interact_with_smoker":30,"minecraft:fall_one_cm":204466,"minecraft:horse_one_cm":6},"minecraft:mined":{"minecraft:white_bed":5,"minecraft:oak_sapling":1,"minecraft:dark_oak_leaves":1,"minecraft:granite":13,"minecraft:budding_amethyst":4,"minecraft:allium":11,"minecraft:grass_block":257,"minecraft:oxeye_daisy":1,"minecraft:furnace":7,"minecraft:iron_ore":92,"minecraft:cobbled_deepslate":1,"minecraft:andesite":5,"minecraft:peony":1,"minecraft:pointed_dripstone":10,"minecraft:deepslate_iron_ore":1,"minecraft:oak_stairs":1,"minecraft:lantern":6,"minecraft:white_tulip":1,"minecraft:stone":660,"minecraft:oak_slab":35,"minecraft:glass_pane":5,"minecraft:smoker":3,"minecraft:amethyst_cluster":3,"minecraft:dandelion":9,"minecraft:cornflower":8,"minecraft:crafting_table":16,"minecraft:torch":12,"minecraft:blast_furnace":3,"minecraft:emerald_ore":1,"minecraft:calcite":40,"minecraft:poppy":3,"minecraft:chest":8,"minecraft:glass":8,"minecraft:mushroom_stem":3,"minecraft:copper_ore":5,"minecraft:tall_grass":6,"minecraft:cobblestone":6,"minecraft:oak_planks":124,"minecraft:sugar_cane":2,"minecraft:diorite":1,"minecraft:wall_torch":2,"minecraft:amethyst_block":68,"minecraft:purple_bed":6,"minecraft:birch_log":52,"minecraft:birch_leaves":29,"minecraft:smooth_stone_slab":9,"minecraft:grass":84,"minecraft:oak_log":430,"minecraft:coal_ore":192,"minecraft:sand":281,"minecraft:dripstone_block":1,"minecraft:dirt":316,"minecraft:smooth_basalt":32,"minecraft:red_mushroom_block":11,"minecraft:stonecutter":1,"minecraft:oak_leaves":144,"minecraft:infested_stone":2},"minecraft:dropped":{"minecraft:bread":2,"minecraft:wheat_seeds":13,"minecraft:cooked_beef":4,"minecraft:oak_log":151,"minecraft:cooked_porkchop":13,"minecraft:iron_helmet":4,"minecraft:apple":4,"minecraft:dirt":3,"minecraft:iron_leggings":1,"minecraft:iron_axe":2,"minecraft:iron_pickaxe":2,"minecraft:iron_shovel":1,"minecraft:birch_log":5,"minecraft:lily_pad":2,"minecraft:pink_tulip":1,"minecraft:stone_axe":3,"minecraft:spyglass":1,"minecraft:stone_sword":1,"minecraft:pointed_dripstone":2,"minecraft:cooked_mutton":4,"minecraft:rotten_flesh":3,"minecraft:oak_planks":28,"minecraft:iron_boots":3,"minecraft:stripped_oak_log":1,"minecraft:shield":1,"minecraft:iron_chestplate":2,"minecraft:purple_bed":2,"minecraft:stone_pickaxe":2},"minecraft:broken":{"minecraft:iron_shovel":3,"minecraft:wooden_pickaxe":1,"minecraft:stone_pickaxe":4,"minecraft:shield":1,"minecraft:iron_axe":2,"minecraft:stone_axe":3,"minecraft:iron_pickaxe":2},"minecraft:killed_by":{"minecraft:creeper":1,"minecraft:skeleton":5,"minecraft:zombie":1},"minecraft:picked_up":{"minecraft:iron_chestplate":1,"minecraft:crafting_table":17,"minecraft:allium":32,"minecraft:chicken":4,"minecraft:lead":5,"minecraft:wooden_pickaxe":1,"minecraft:oak_stairs":1,"minecraft:shield":5,"minecraft:amethyst_block":71,"minecraft:cornflower":10,"minecraft:string":4,"minecraft:raw_copper":80,"minecraft:iron_axe":2,"minecraft:flint_and_steel":1,"minecraft:smooth_stone_slab":12,"minecraft:iron_leggings":1,"minecraft:iron_shovel":1,"minecraft:smooth_stone":11,"minecraft:cobbled_deepslate":6,"minecraft:beef":13,"minecraft:red_dye":6,"minecraft:white_tulip":1,"minecraft:oak_boat":5,"minecraft:rose_bush":8,"minecraft:calcite":75,"minecraft:poppy":3,"minecraft:iron_pickaxe":3,"minecraft:sugar_cane":15,"minecraft:chest":9,"minecraft:birch_sapling":7,"minecraft:furnace":11,"minecraft:iron_boots":2,"minecraft:egg":3,"minecraft:stick":155,"minecraft:raw_iron":96,"minecraft:stone":19,"minecraft:oak_fence":4,"minecraft:torch":44,"minecraft:fire_charge":1,"minecraft:porkchop":47,"minecraft:pointed_dripstone":36,"minecraft:diorite":6,"minecraft:redstone":30,"minecraft:stone_sword":2,"minecraft:arrow":29,"minecraft:rotten_flesh":35,"minecraft:peony":2,"minecraft:pink_tulip":4,"minecraft:clock":1,"minecraft:stripped_oak_log":4,"minecraft:mutton":35,"minecraft:white_wool":25,"minecraft:cobblestone":773,"minecraft:oxeye_daisy":1,"minecraft:birch_log":57,"minecraft:birch_leaves":8,"minecraft:cooked_beef":5,"minecraft:feather":8,"minecraft:lilac":1,"minecraft:glow_ink_sac":12,"minecraft:water_bucket":2,"minecraft:andesite":10,"minecraft:leather":4,"minecraft:smoker":3,"minecraft:birch_planks":98,"minecraft:flint":2,"minecraft:oak_log":814,"minecraft:lily_pad":2,"minecraft:gunpowder":9,"minecraft:dirt":708,"minecraft:lantern":6,"minecraft:leather_boots":1,"minecraft:stonecutter":1,"minecraft:cooked_mutton":10,"minecraft:bone":25,"minecraft:apple":9,"minecraft:bow":1,"minecraft:wheat_seeds":17,"minecraft:raw_gold":6,"minecraft:iron_ingot":10,"minecraft:stone_pickaxe":2,"minecraft:oak_planks":241,"minecraft:oak_slab":41,"minecraft:smooth_basalt":59,"minecraft:pumpkin":18,"minecraft:cooked_porkchop":12,"minecraft:dandelion":26,"minecraft:spyglass":1,"minecraft:dripstone_block":6,"minecraft:sand":293,"minecraft:amethyst_shard":14,"minecraft:blast_furnace":3,"minecraft:white_bed":8,"minecraft:spider_eye":4,"minecraft:purple_bed":7,"minecraft:diamond":16,"minecraft:stone_axe":4,"minecraft:iron_helmet":4,"minecraft:crossbow":2,"minecraft:granite":34,"minecraft:bread":4,"minecraft:golden_apple":1,"minecraft:emerald":9,"minecraft:oak_sapling":196,"minecraft:coal":343,"minecraft:ender_pearl":6},"minecraft:crafted":{"minecraft:purple_wool":6,"minecraft:smooth_stone":22,"minecraft:oak_planks":816,"minecraft:barrel":11,"minecraft:smooth_stone_slab":34,"minecraft:iron_nugget":27,"minecraft:purple_bed":2,"minecraft:spyglass":2,"minecraft:cooked_chicken":1,"minecraft:furnace":6,"minecraft:stone":69,"minecraft:cooked_mutton":41,"minecraft:glass_pane":128,"minecraft:glass":67,"minecraft:lantern":4,"minecraft:iron_boots":3,"minecraft:iron_axe":5,"minecraft:stone_pickaxe":5,"minecraft:chest":15,"minecraft:birch_door":3,"minecraft:oak_fence":3,"minecraft:magenta_dye":1,"minecraft:cooked_rabbit":1,"minecraft:smoker":2,"minecraft:cooked_beef":7,"minecraft:item_frame":6,"minecraft:red_dye":3,"minecraft:oak_slab":198,"minecraft:cooked_porkchop":45,"minecraft:crafting_table":5,"minecraft:wooden_pickaxe":2,"minecraft:iron_helmet":3,"minecraft:copper_ingot":57,"minecraft:bucket":2,"minecraft:birch_planks":80,"minecraft:stone_axe":8,"minecraft:air":0,"minecraft:blue_dye":3,"minecraft:oak_boat":1,"minecraft:stone_brick_stairs":1,"minecraft:iron_chestplate":3,"minecraft:purple_dye":6,"minecraft:shield":3,"minecraft:stick":188,"minecraft:oak_stairs":12,"minecraft:iron_ingot":115,"minecraft:iron_pickaxe":4,"minecraft:wooden_axe":1,"minecraft:iron_shovel":4,"minecraft:iron_leggings":2,"minecraft:gold_ingot":4,"minecraft:stonecutter":1,"minecraft:light_gray_dye":1,"minecraft:white_bed":2,"minecraft:torch":296,"minecraft:shears":1}},"DataVersion":3465}