{"stats":{"minecraft:broken":{"minecraft:iron_shovel":3,"minecraft:stone_pickaxe":7,"minecraft:stone_axe":4,"minecraft:wooden_pickaxe":1,"minecraft:shield":2,"minecraft:iron_axe":5,"minecraft:iron_pickaxe":11},"minecraft:custom":{"minecraft:animals_bred":1,"minecraft:interact_with_crafting_table":173,"minecraft:open_barrel":14,"minecraft:leave_game":25,"minecraft:time_since_death":498246,"minecraft:sprint_one_cm":2139369,"minecraft:damage_blocked_by_shield":6520,"minecraft:drop":104,"minecraft:talked_to_villager":4,"minecraft:play_time":797649,"minecraft:deaths":8,"minecraft:jump":12505,"minecraft:interact_with_brewingstand":1,"minecraft:walk_on_water_one_cm":88520,"minecraft:interact_with_furnace":101,"minecraft:sleep_in_bed":32,"minecraft:damage_dealt":27869,"minecraft:crouch_one_cm":20160,"minecraft:interact_with_smoker":74,"minecraft:horse_one_cm":2883,"minecraft:mob_kills":186,"minecraft:climb_one_cm":11836,"minecraft:walk_one_cm":1758966,"minecraft:sneak_time":13289,"minecraft:walk_under_water_one_cm":17475,"minecraft:boat_one_cm":353094,"minecraft:interact_with_blast_furnace":49,"minecraft:total_world_time":797649,"minecraft:interact_with_stonecutter":12,"minecraft:time_since_rest":28529,"minecraft:damage_taken":6401,"minecraft:swim_one_cm":76981,"minecraft:fly_one_cm":2403890,"minecraft:open_chest":461,"minecraft:fall_one_cm":285742},"minecraft:mined":{"minecraft:white_bed":5,"minecraft:oak_sapling":1,"minecraft:obsidian":22,"minecraft:granite":13,"minecraft:budding_amethyst":4,"minecraft:grass_block":286,"minecraft:oxeye_daisy":1,"minecraft:glowstone":18,"minecraft:fire":10,"minecraft:iron_ore":129,"minecraft:cobbled_deepslate":5,"minecraft:barrel":4,"minecraft:deepslate_lapis_ore":2,"minecraft:pointed_dripstone":10,"minecraft:oak_stairs":1,"minecraft:deepslate_redstone_ore":23,"minecraft:quartz_block":1,"minecraft:smoker":3,"minecraft:amethyst_cluster":3,"minecraft:torch":30,"minecraft:blast_furnace":3,"minecraft:calcite":40,"minecraft:poppy":3,"minecraft:melon":1,"minecraft:chest":12,"minecraft:mushroom_stem":3,"minecraft:nether_quartz_ore":73,"minecraft:glass":8,"minecraft:cobblestone":9,"minecraft:sugar_cane":2,"minecraft:oak_planks":137,"minecraft:wall_torch":15,"minecraft:amethyst_block":68,"minecraft:nether_wart_block":1,"minecraft:birch_log":126,"minecraft:wheat":9,"minecraft:smooth_stone_slab":9,"minecraft:grass":114,"minecraft:oak_log":655,"minecraft:sand":281,"minecraft:dirt":335,"minecraft:crimson_planks":2,"minecraft:smooth_basalt":32,"minecraft:red_mushroom_block":11,"minecraft:stonecutter":1,"minecraft:netherrack":18,"minecraft:oak_leaves":220,"minecraft:deepslate":1336,"minecraft:tuff":244,"minecraft:dark_oak_leaves":1,"minecraft:deepslate_diamond_ore":12,"minecraft:allium":13,"minecraft:crimson_roots":1,"minecraft:crimson_stem":16,"minecraft:furnace":9,"minecraft:carrots":2,"minecraft:andesite":5,"minecraft:chiseled_deepslate":1,"minecraft:peony":1,"minecraft:polished_deepslate":1,"minecraft:potatoes":14,"minecraft:shroomlight":3,"minecraft:deepslate_iron_ore":136,"minecraft:rail":1,"minecraft:lantern":6,"minecraft:stone":1216,"minecraft:white_tulip":1,"minecraft:oak_slab":35,"minecraft:glass_pane":5,"minecraft:dandelion":12,"minecraft:oak_fence":8,"minecraft:crafting_table":19,"minecraft:cornflower":8,"minecraft:emerald_ore":4,"minecraft:tall_grass":17,"minecraft:copper_ore":8,"minecraft:lapis_ore":4,"minecraft:deepslate_gold_ore":24,"minecraft:diorite":58,"minecraft:purple_bed":6,"minecraft:birch_leaves":41,"minecraft:white_wall_banner":1,"minecraft:coal_ore":248,"minecraft:gravel":35,"minecraft:dripstone_block":8,"minecraft:infested_stone":2},"minecraft:picked_up":{"minecraft:chiseled_deepslate":1,"minecraft:iron_chestplate":1,"minecraft:wheat":9,"minecraft:lead":5,"minecraft:oak_stairs":1,"minecraft:potion":2,"minecraft:enchanted_book":1,"minecraft:crimson_planks":2,"minecraft:amethyst_block":71,"minecraft:polished_deepslate":1,"minecraft:string":36,"minecraft:raw_copper":118,"minecraft:smooth_stone_slab":12,"minecraft:iron_leggings":1,"minecraft:shroomlight":3,"minecraft:cobbled_deepslate":1157,"minecraft:smooth_stone":11,"minecraft:white_tulip":1,"minecraft:red_dye":6,"minecraft:rose_bush":8,"minecraft:calcite":75,"minecraft:iron_pickaxe":8,"minecraft:melon_slice":4,"minecraft:furnace":13,"minecraft:iron_boots":2,"minecraft:stick":176,"minecraft:oak_fence":18,"minecraft:torch":133,"minecraft:porkchop":62,"minecraft:pointed_dripstone":37,"minecraft:diorite":51,"minecraft:golden_chestplate":1,"minecraft:quartz_block":1,"minecraft:stone_sword":2,"minecraft:rotten_flesh":45,"minecraft:obsidian":20,"minecraft:cobblestone":1253,"minecraft:birch_log":131,"minecraft:cooked_beef":10,"minecraft:feather":8,"minecraft:lilac":1,"minecraft:water_bucket":2,"minecraft:andesite":10,"minecraft:smoker":3,"minecraft:potato":53,"minecraft:flint":9,"minecraft:tuff":254,"minecraft:lapis_lazuli":57,"minecraft:dirt":758,"minecraft:lantern":6,"minecraft:leather_boots":1,"minecraft:bone":35,"minecraft:stonecutter":1,"minecraft:bow":3,"minecraft:wheat_seeds":52,"minecraft:raw_gold":30,"minecraft:glowstone_dust":41,"minecraft:oak_planks":257,"minecraft:cooked_porkchop":17,"minecraft:poisonous_potato":2,"minecraft:sand":293,"minecraft:grass_block":1,"minecraft:barrel":4,"minecraft:sugar":1,"minecraft:diamond":28,"minecraft:crossbow":2,"minecraft:granite":34,"minecraft:grass":1,"minecraft:golden_apple":1,"minecraft:emerald":13,"minecraft:bread":4,"minecraft:oak_sapling":225,"minecraft:netherrack":15,"minecraft:crimson_roots":1,"minecraft:diamond_pickaxe":1,"minecraft:crafting_table":20,"minecraft:allium":34,"minecraft:chicken":4,"minecraft:wooden_pickaxe":1,"minecraft:shield":5,"minecraft:cornflower":10,"minecraft:iron_axe":3,"minecraft:flint_and_steel":1,"minecraft:iron_shovel":1,"minecraft:beef":13,"minecraft:oak_boat":5,"minecraft:poppy":3,"minecraft:light_gray_wool":12,"minecraft:sugar_cane":15,"minecraft:chest":13,"minecraft:birch_sapling":9,"minecraft:egg":6,"minecraft:raw_iron":331,"minecraft:stone":19,"minecraft:fire_charge":1,"minecraft:carrot":4,"minecraft:redstone":149,"minecraft:arrow":32,"minecraft:peony":2,"minecraft:shears":1,"minecraft:pink_tulip":4,"minecraft:gold_ingot":5,"minecraft:mutton":47,"minecraft:white_wool":46,"minecraft:oxeye_daisy":1,"minecraft:stripped_oak_log":4,"minecraft:birch_leaves":8,"minecraft:clock":1,"minecraft:crimson_stem":18,"minecraft:glow_ink_sac":21,"minecraft:leather":4,"minecraft:birch_planks":98,"minecraft:oak_log":1038,"minecraft:lily_pad":2,"minecraft:nether_wart_block":1,"minecraft:golden_boots":1,"minecraft:gunpowder":11,"minecraft:white_banner":2,"minecraft:cooked_mutton":19,"minecraft:apple":9,"minecraft:stone_pickaxe":2,"minecraft:iron_ingot":17,"minecraft:oak_slab":41,"minecraft:smooth_basalt":59,"minecraft:pumpkin":18,"minecraft:quartz":78,"minecraft:dandelion":27,"minecraft:spyglass":1,"minecraft:dripstone_block":16,"minecraft:gravel":61,"minecraft:amethyst_shard":14,"minecraft:blast_furnace":3,"minecraft:white_bed":8,"minecraft:spider_eye":10,"minecraft:purple_bed":7,"minecraft:stone_axe":4,"minecraft:iron_helmet":4,"minecraft:gray_wool":4,"minecraft:baked_potato":12,"minecraft:coal":402,"minecraft:ender_pearl":7},"minecraft:killed_by":{"minecraft:creeper":1,"minecraft:zombie":1,"minecraft:skeleton":5},"minecraft:used":{"minecraft:chiseled_deepslate":1,"minecraft:iron_shovel":759,"minecraft:polished_deepslate":1,"minecraft:chest":59,"minecraft:shield":151,"minecraft:grass":1,"minecraft:rotten_flesh":14,"minecraft:iron_chestplate":1,"minecraft:carrot":1,"minecraft:tuff":2,"minecraft:obsidian":10,"minecraft:glass":8,"minecraft:lantern":12,"minecraft:birch_sapling":2,"minecraft:quartz_block":1,"minecraft:stone_brick_stairs":4,"minecraft:item_frame":7,"minecraft:oak_sapling":54,"minecraft:furnace":11,"minecraft:egg":2,"minecraft:potato":18,"minecraft:birch_leaves":6,"minecraft:oak_planks":507,"minecraft:stone_pickaxe":965,"minecraft:wooden_pickaxe":77,"minecraft:golden_apple":1,"minecraft:sand":2,"minecraft:blast_furnace":3,"minecraft:shears":9,"minecraft:melon_slice":2,"minecraft:bread":3,"minecraft:deepslate":1,"minecraft:gravel":11,"minecraft:cooked_rabbit":1,"minecraft:oak_boat":5,"minecraft:smooth_stone_slab":52,"minecraft:bone_meal":57,"minecraft:oak_fence":15,"minecraft:white_tulip":1,"minecraft:cooked_chicken":1,"minecraft:stone_hoe":70,"minecraft:netherrack":14,"minecraft:torch":632,"minecraft:dirt":379,"minecraft:spyglass":11,"minecraft:oak_fence_gate":1,"minecraft:birch_door":2,"minecraft:stone_brick_slab":12,"minecraft:wooden_axe":12,"minecraft:iron_axe":1175,"minecraft:oak_stairs":13,"minecraft:crimson_planks":2,"minecraft:barrel":29,"minecraft:smooth_basalt":1,"minecraft:cooked_beef":10,"minecraft:cobbled_deepslate":105,"minecraft:calcite":1,"minecraft:cooked_mutton":46,"minecraft:wheat_seeds":31,"minecraft:water_bucket":42,"minecraft:pink_tulip":1,"minecraft:amethyst_block":2,"minecraft:birch_planks":31,"minecraft:baked_potato":11,"minecraft:stonecutter":3,"minecraft:oak_slab":206,"minecraft:crafting_table":27,"minecraft:white_bed":6,"minecraft:smoker":5,"minecraft:oak_log":193,"minecraft:diamond_pickaxe":67,"minecraft:apple":6,"minecraft:iron_pickaxe":2820,"minecraft:stone_axe":439,"minecraft:cobblestone":151,"minecraft:purple_bed":7,"minecraft:white_banner":2,"minecraft:cooked_porkchop":36,"minecraft:bucket":44,"minecraft:glass_pane":128},"minecraft:killed":{"minecraft:cave_spider":1,"minecraft:witch":1,"minecraft:spider":10,"minecraft:skeleton":26,"minecraft:chicken":4,"minecraft:silverfish":6,"minecraft:pig":32,"minecraft:zombie_villager":1,"minecraft:creeper":2,"minecraft:sheep":27,"minecraft:trader_llama":2,"minecraft:pillager":11,"minecraft:zombie":40,"minecraft:ghast":1,"minecraft:cow":5,"minecraft:drowned":3,"minecraft:wandering_trader":1,"minecraft:enderman":6},"minecraft:dropped":{"minecraft:lapis_lazuli":32,"minecraft:cooked_beef":4,"minecraft:oak_log":151,"minecraft:cooked_porkchop":13,"minecraft:rail":8,"minecraft:emerald":2,"minecraft:dirt":5,"minecraft:gold_nugget":1,"minecraft:iron_pickaxe":5,"minecraft:birch_log":5,"minecraft:white_wool":1,"minecraft:gold_ingot":13,"minecraft:bone":13,"minecraft:gravel":17,"minecraft:stone_axe":3,"minecraft:spyglass":1,"minecraft:cobbled_deepslate":462,"minecraft:pointed_dripstone":2,"minecraft:rotten_flesh":3,"minecraft:oak_planks":28,"minecraft:cooked_mutton":4,"minecraft:iron_ingot":10,"minecraft:bread":2,"minecraft:wheat_seeds":14,"minecraft:dripstone_block":10,"minecraft:iron_helmet":4,"minecraft:cobblestone":29,"minecraft:apple":4,"minecraft:diorite":43,"minecraft:torch":28,"minecraft:iron_leggings":1,"minecraft:iron_axe":2,"minecraft:iron_shovel":1,"minecraft:string":2,"minecraft:lily_pad":2,"minecraft:pink_tulip":1,"minecraft:stone_sword":1,"minecraft:raw_copper":38,"minecraft:tuff":45,"minecraft:iron_boots":4,"minecraft:stripped_oak_log":1,"minecraft:shears":1,"minecraft:shield":2,"minecraft:iron_chestplate":3,"minecraft:purple_bed":2,"minecraft:spider_eye":2,"minecraft:bow":1,"minecraft:stone_pickaxe":3,"minecraft:raw_gold":1},"minecraft:crafted":{"minecraft:oak_planks":1368,"minecraft:smooth_stone":22,"minecraft:barrel":30,"minecraft:purple_bed":2,"minecraft:oak_pressure_plate":4,"minecraft:cooked_chicken":1,"minecraft:stone":69,"minecraft:lever":2,"minecraft:cooked_mutton":61,"minecraft:quartz_block":1,"minecraft:glass":67,"minecraft:hopper":3,"minecraft:bow":3,"minecraft:iron_boots":4,"minecraft:chest":53,"minecraft:birch_door":3,"minecraft:stone_hoe":1,"minecraft:magenta_dye":1,"minecraft:oak_fence":24,"minecraft:cooked_rabbit":2,"minecraft:smoker":2,"minecraft:oak_slab":258,"minecraft:item_frame":7,"minecraft:deepslate":1,"minecraft:cooked_porkchop":57,"minecraft:crafting_table":8,"minecraft:iron_helmet":3,"minecraft:wooden_pickaxe":2,"minecraft:baked_potato":18,"minecraft:copper_ingot":57,"minecraft:birch_planks":80,"minecraft:dispenser":3,"minecraft:stone_brick_stairs":1,"minecraft:iron_chestplate":4,"minecraft:purple_dye":6,"minecraft:shield":6,"minecraft:stick":312,"minecraft:iron_ingot":350,"minecraft:iron_pickaxe":13,"minecraft:gold_ingot":4,"minecraft:light_gray_dye":1,"minecraft:shears":1,"minecraft:purple_wool":6,"minecraft:redstone":9,"minecraft:raw_iron":18,"minecraft:smooth_stone_slab":34,"minecraft:iron_nugget":117,"minecraft:spyglass":2,"minecraft:furnace":9,"minecraft:stone_button":2,"minecraft:bone_meal":54,"minecraft:glass_pane":128,"minecraft:lantern":12,"minecraft:polished_deepslate":4,"minecraft:iron_axe":8,"minecraft:ladder":3,"minecraft:stone_pickaxe":10,"minecraft:redstone_block":37,"minecraft:cooked_beef":7,"minecraft:red_dye":3,"minecraft:crimson_planks":4,"minecraft:bucket":5,"minecraft:stone_axe":8,"minecraft:bread":2,"minecraft:air":0,"minecraft:blue_dye":3,"minecraft:oak_fence_gate":1,"minecraft:oak_boat":1,"minecraft:wooden_axe":1,"minecraft:oak_stairs":16,"minecraft:iron_shovel":5,"minecraft:iron_leggings":2,"minecraft:stonecutter":2,"minecraft:white_bed":2,"minecraft:torch":600}},"DataVersion":3465}