{"stats":{"minecraft:custom":{"minecraft:interact_with_furnace":22,"minecraft:mob_kills":27,"minecraft:interact_with_crafting_table":13,"minecraft:leave_game":4,"minecraft:time_since_death":23506,"minecraft:time_since_rest":23540,"minecraft:sprint_one_cm":142857,"minecraft:damage_taken":1031,"minecraft:walk_one_cm":112572,"minecraft:damage_blocked_by_shield":370,"minecraft:drop":15,"minecraft:damage_dealt":4112,"minecraft:swim_one_cm":2424,"minecraft:fly_one_cm":72152,"minecraft:open_chest":10,"minecraft:crouch_one_cm":2148,"minecraft:play_time":60098,"minecraft:deaths":2,"minecraft:sneak_time":1282,"minecraft:walk_under_water_one_cm":1357,"minecraft:jump":563,"minecraft:walk_on_water_one_cm":3641,"minecraft:total_world_time":60098,"minecraft:fall_one_cm":12619},"minecraft:killed":{"minecraft:pig":2,"minecraft:spider":2,"minecraft:sheep":1,"minecraft:skeleton":3,"minecraft:zombie":9,"minecraft:chicken":3,"minecraft:drowned":1,"minecraft:enderman":1,"minecraft:cow":3},"minecraft:broken":{"minecraft:stone_pickaxe":1,"minecraft:stone_axe":2,"minecraft:wooden_pickaxe":1},"minecraft:mined":{"minecraft:crafting_table":5,"minecraft:torch":2,"minecraft:granite":3,"minecraft:grass_block":6,"minecraft:chest":1,"minecraft:sugar_cane":2,"minecraft:furnace":3,"minecraft:birch_log":45,"minecraft:iron_ore":4,"minecraft:cobbled_deepslate":1,"minecraft:birch_leaves":18,"minecraft:grass":7,"minecraft:coal_ore":12,"minecraft:oak_log":111,"minecraft:deepslate_iron_ore":1,"minecraft:sand":7,"minecraft:dirt":11,"minecraft:stone":61,"minecraft:oak_leaves":33},"minecraft:crafted":{"minecraft:cooked_beef":1,"minecraft:oak_planks":68,"minecraft:cooked_porkchop":3,"minecraft:crafting_table":1,"minecraft:wooden_pickaxe":1,"minecraft:iron_helmet":1,"minecraft:furnace":3,"minecraft:birch_planks":52,"minecraft:stone_axe":4,"minecraft:cooked_mutton":1,"minecraft:air":0,"minecraft:iron_boots":1,"minecraft:iron_chestplate":1,"minecraft:shield":2,"minecraft:stick":40,"minecraft:iron_ingot":21,"minecraft:stone_pickaxe":2,"minecraft:chest":1,"minecraft:torch":20},"minecraft:dropped":{"minecraft:stone_axe":2,"minecraft:cooked_beef":4,"minecraft:oak_log":28,"minecraft:stone_sword":1,"minecraft:iron_helmet":3,"minecraft:iron_boots":2,"minecraft:shield":1,"minecraft:iron_chestplate":1,"minecraft:stone_pickaxe":2,"minecraft:birch_log":5},"minecraft:killed_by":{"minecraft:skeleton":1},"minecraft:picked_up":{"minecraft:birch_log":50,"minecraft:crafting_table":5,"minecraft:feather":2,"minecraft:cooked_beef":4,"minecraft:chicken":3,"minecraft:leather":1,"minecraft:wooden_pickaxe":1,"minecraft:birch_planks":98,"minecraft:oak_log":181,"minecraft:string":1,"minecraft:dirt":48,"minecraft:bone":4,"minecraft:apple":6,"minecraft:wheat_seeds":1,"minecraft:cobbled_deepslate":6,"minecraft:iron_ingot":2,"minecraft:beef":5,"minecraft:stone_pickaxe":1,"minecraft:sugar_cane":15,"minecraft:chest":1,"minecraft:birch_sapling":5,"minecraft:oak_planks":10,"minecraft:iron_boots":1,"minecraft:furnace":3,"minecraft:egg":2,"minecraft:raw_iron":7,"minecraft:stick":111,"minecraft:oak_fence":1,"minecraft:torch":18,"minecraft:porkchop":3,"minecraft:sand":21,"minecraft:stone_sword":1,"minecraft:arrow":6,"minecraft:rotten_flesh":6,"minecraft:stone_axe":2,"minecraft:iron_helmet":2,"minecraft:granite":6,"minecraft:oak_sapling":52,"minecraft:mutton":1,"minecraft:coal":30,"minecraft:white_wool":1,"minecraft:cobblestone":87},"minecraft:used":{"minecraft:cooked_mutton":1,"minecraft:birch_planks":31,"minecraft:stone_pickaxe":85,"minecraft:shield":7,"minecraft:chest":1,"minecraft:wooden_pickaxe":57,"minecraft:rotten_flesh":2,"minecraft:torch":21,"minecraft:dirt":2,"minecraft:crafting_table":6,"minecraft:apple":5,"minecraft:stone_axe":224,"minecraft:cobblestone":19,"minecraft:furnace":3,"minecraft:cooked_porkchop":2,"minecraft:egg":2,"minecraft:cooked_beef":1,"minecraft:cobbled_deepslate":5}},"DataVersion":3465}