{"stats":{"minecraft:broken":{"minecraft:iron_shovel":3,"minecraft:stone_pickaxe":7,"minecraft:stone_axe":4,"minecraft:wooden_pickaxe":1,"minecraft:shield":2,"minecraft:iron_axe":5,"minecraft:iron_pickaxe":13},"minecraft:custom":{"minecraft:animals_bred":1,"minecraft:interact_with_crafting_table":174,"minecraft:open_barrel":14,"minecraft:leave_game":29,"minecraft:time_since_death":10,"minecraft:sprint_one_cm":2223833,"minecraft:damage_blocked_by_shield":7540,"minecraft:drop":133,"minecraft:talked_to_villager":4,"minecraft:play_time":857508,"minecraft:deaths":12,"minecraft:jump":13008,"minecraft:interact_with_brewingstand":1,"minecraft:walk_on_water_one_cm":88779,"minecraft:interact_with_furnace":101,"minecraft:sleep_in_bed":32,"minecraft:damage_dealt":30781,"minecraft:crouch_one_cm":51601,"minecraft:interact_with_smoker":74,"minecraft:horse_one_cm":2883,"minecraft:mob_kills":201,"minecraft:climb_one_cm":12600,"minecraft:walk_one_cm":1874084,"minecraft:sneak_time":25591,"minecraft:walk_under_water_one_cm":20045,"minecraft:boat_one_cm":353094,"minecraft:interact_with_blast_furnace":49,"minecraft:total_world_time":857508,"minecraft:interact_with_stonecutter":12,"minecraft:time_since_rest":89,"minecraft:damage_taken":8081,"minecraft:swim_one_cm":76981,"minecraft:fly_one_cm":2654449,"minecraft:open_chest":466,"minecraft:fall_one_cm":292576},"minecraft:mined":{"minecraft:white_bed":5,"minecraft:oak_sapling":1,"minecraft:obsidian":22,"minecraft:granite":13,"minecraft:budding_amethyst":4,"minecraft:grass_block":286,"minecraft:cracked_polished_blackstone_bricks":36,"minecraft:oxeye_daisy":1,"minecraft:gilded_blackstone":1,"minecraft:polished_blackstone_bricks":48,"minecraft:glowstone":38,"minecraft:iron_ore":129,"minecraft:cobbled_deepslate":5,"minecraft:fire":10,"minecraft:barrel":4,"minecraft:deepslate_lapis_ore":2,"minecraft:pointed_dripstone":10,"minecraft:oak_stairs":1,"minecraft:deepslate_redstone_ore":23,"minecraft:quartz_block":1,"minecraft:blackstone":20,"minecraft:smoker":3,"minecraft:crimson_nylium":6,"minecraft:amethyst_cluster":3,"minecraft:torch":31,"minecraft:blast_furnace":3,"minecraft:calcite":40,"minecraft:poppy":3,"minecraft:melon":1,"minecraft:chest":12,"minecraft:mushroom_stem":3,"minecraft:nether_quartz_ore":77,"minecraft:glass":8,"minecraft:cobblestone":13,"minecraft:sugar_cane":2,"minecraft:oak_planks":137,"minecraft:wall_torch":20,"minecraft:amethyst_block":68,"minecraft:nether_wart_block":3,"minecraft:birch_log":126,"minecraft:wheat":9,"minecraft:smooth_stone_slab":9,"minecraft:grass":114,"minecraft:oak_log":655,"minecraft:sand":281,"minecraft:dirt":335,"minecraft:crimson_planks":2,"minecraft:smooth_basalt":32,"minecraft:red_mushroom_block":11,"minecraft:stonecutter":1,"minecraft:netherrack":344,"minecraft:oak_leaves":220,"minecraft:deepslate":1336,"minecraft:tuff":244,"minecraft:dark_oak_leaves":1,"minecraft:deepslate_diamond_ore":12,"minecraft:allium":13,"minecraft:crimson_roots":2,"minecraft:crimson_stem":16,"minecraft:furnace":9,"minecraft:carrots":2,"minecraft:andesite":5,"minecraft:chiseled_deepslate":1,"minecraft:gold_block":2,"minecraft:peony":1,"minecraft:polished_deepslate":1,"minecraft:potatoes":14,"minecraft:deepslate_iron_ore":136,"minecraft:shroomlight":3,"minecraft:rail":1,"minecraft:lantern":8,"minecraft:stone":1216,"minecraft:white_tulip":1,"minecraft:bone_block":15,"minecraft:oak_slab":35,"minecraft:glass_pane":5,"minecraft:soul_sand":38,"minecraft:basalt":7,"minecraft:dandelion":12,"minecraft:oak_fence":8,"minecraft:crafting_table":19,"minecraft:cornflower":8,"minecraft:emerald_ore":4,"minecraft:copper_ore":8,"minecraft:tall_grass":17,"minecraft:lapis_ore":4,"minecraft:deepslate_gold_ore":24,"minecraft:diorite":58,"minecraft:purple_bed":6,"minecraft:birch_leaves":41,"minecraft:white_wall_banner":1,"minecraft:coal_ore":248,"minecraft:gravel":35,"minecraft:dripstone_block":8,"minecraft:infested_stone":2},"minecraft:picked_up":{"minecraft:chiseled_deepslate":1,"minecraft:iron_chestplate":3,"minecraft:wheat":9,"minecraft:lead":5,"minecraft:oak_stairs":1,"minecraft:potion":2,"minecraft:enchanted_book":1,"minecraft:gilded_blackstone":2,"minecraft:crimson_planks":2,"minecraft:amethyst_block":71,"minecraft:polished_deepslate":1,"minecraft:string":36,"minecraft:raw_copper":118,"minecraft:smooth_stone_slab":12,"minecraft:iron_leggings":3,"minecraft:shroomlight":4,"minecraft:gold_nugget":38,"minecraft:cobbled_deepslate":1157,"minecraft:smooth_stone":11,"minecraft:bucket":1,"minecraft:white_tulip":1,"minecraft:red_dye":6,"minecraft:rose_bush":8,"minecraft:calcite":75,"minecraft:iron_pickaxe":21,"minecraft:melon_slice":5,"minecraft:furnace":13,"minecraft:iron_boots":5,"minecraft:stick":196,"minecraft:oak_fence":18,"minecraft:torch":211,"minecraft:porkchop":62,"minecraft:pointed_dripstone":37,"minecraft:diorite":51,"minecraft:golden_chestplate":2,"minecraft:quartz_block":3,"minecraft:stone_sword":3,"minecraft:rotten_flesh":46,"minecraft:obsidian":20,"minecraft:cobblestone":1278,"minecraft:birch_log":131,"minecraft:cooked_beef":16,"minecraft:feather":8,"minecraft:lilac":1,"minecraft:water_bucket":3,"minecraft:andesite":10,"minecraft:smoker":3,"minecraft:potato":53,"minecraft:flint":9,"minecraft:tuff":254,"minecraft:lapis_lazuli":57,"minecraft:dirt":758,"minecraft:lantern":10,"minecraft:leather_boots":1,"minecraft:bone":59,"minecraft:stonecutter":1,"minecraft:bow":4,"minecraft:wheat_seeds":54,"minecraft:raw_gold":30,"minecraft:glowstone_dust":217,"minecraft:oak_planks":294,"minecraft:cooked_porkchop":18,"minecraft:poisonous_potato":2,"minecraft:sand":293,"minecraft:grass_block":1,"minecraft:barrel":4,"minecraft:sugar":1,"minecraft:diamond":28,"minecraft:cracked_polished_blackstone_bricks":51,"minecraft:crossbow":3,"minecraft:granite":34,"minecraft:grass":1,"minecraft:golden_apple":1,"minecraft:emerald":13,"minecraft:bread":4,"minecraft:oak_sapling":225,"minecraft:netherrack":354,"minecraft:crimson_roots":1,"minecraft:diamond_pickaxe":1,"minecraft:crafting_table":20,"minecraft:allium":34,"minecraft:chicken":4,"minecraft:wooden_pickaxe":1,"minecraft:gold_block":2,"minecraft:shield":12,"minecraft:cornflower":10,"minecraft:iron_axe":6,"minecraft:flint_and_steel":1,"minecraft:iron_shovel":3,"minecraft:blackstone":24,"minecraft:beef":13,"minecraft:oak_boat":5,"minecraft:poppy":3,"minecraft:light_gray_wool":12,"minecraft:sugar_cane":15,"minecraft:chest":13,"minecraft:birch_sapling":9,"minecraft:egg":6,"minecraft:raw_iron":331,"minecraft:stone":19,"minecraft:fire_charge":7,"minecraft:polished_blackstone_bricks":47,"minecraft:carrot":4,"minecraft:redstone":149,"minecraft:arrow":37,"minecraft:peony":2,"minecraft:shears":1,"minecraft:pink_tulip":4,"minecraft:gold_ingot":5,"minecraft:mutton":47,"minecraft:bone_block":48,"minecraft:white_wool":46,"minecraft:oxeye_daisy":1,"minecraft:stripped_oak_log":4,"minecraft:birch_leaves":8,"minecraft:clock":1,"minecraft:basalt":16,"minecraft:glow_ink_sac":21,"minecraft:crimson_stem":97,"minecraft:leather":10,"minecraft:birch_planks":126,"minecraft:oak_log":1053,"minecraft:lily_pad":2,"minecraft:golden_boots":4,"minecraft:nether_wart_block":1,"minecraft:gunpowder":11,"minecraft:white_banner":2,"minecraft:cooked_mutton":34,"minecraft:apple":9,"minecraft:iron_ingot":28,"minecraft:stone_pickaxe":2,"minecraft:iron_sword":4,"minecraft:soul_sand":192,"minecraft:oak_slab":41,"minecraft:smooth_basalt":59,"minecraft:warped_fungus":1,"minecraft:pumpkin":18,"minecraft:quartz":302,"minecraft:dandelion":27,"minecraft:spyglass":1,"minecraft:dripstone_block":16,"minecraft:gravel":61,"minecraft:amethyst_shard":14,"minecraft:blast_furnace":3,"minecraft:white_bed":8,"minecraft:spider_eye":10,"minecraft:purple_bed":7,"minecraft:stone_axe":4,"minecraft:iron_helmet":7,"minecraft:gray_wool":4,"minecraft:baked_potato":48,"minecraft:coal":425,"minecraft:ender_pearl":7},"minecraft:killed_by":{"minecraft:piglin_brute":3,"minecraft:creeper":1,"minecraft:magma_cube":1,"minecraft:zombie":1,"minecraft:skeleton":5},"minecraft:used":{"minecraft:chiseled_deepslate":1,"minecraft:iron_shovel":797,"minecraft:polished_deepslate":1,"minecraft:chest":60,"minecraft:shield":176,"minecraft:iron_sword":9,"minecraft:grass":1,"minecraft:rotten_flesh":14,"minecraft:iron_chestplate":1,"minecraft:carrot":1,"minecraft:tuff":2,"minecraft:obsidian":10,"minecraft:glass":8,"minecraft:birch_sapling":2,"minecraft:lantern":13,"minecraft:quartz_block":1,"minecraft:stone_brick_stairs":4,"minecraft:item_frame":7,"minecraft:oak_sapling":54,"minecraft:furnace":11,"minecraft:egg":2,"minecraft:potato":18,"minecraft:birch_leaves":6,"minecraft:oak_planks":507,"minecraft:stone_pickaxe":965,"minecraft:blackstone":4,"minecraft:wooden_pickaxe":77,"minecraft:golden_apple":1,"minecraft:sand":2,"minecraft:blast_furnace":3,"minecraft:shears":9,"minecraft:melon_slice":2,"minecraft:bread":3,"minecraft:deepslate":1,"minecraft:gravel":11,"minecraft:cooked_rabbit":1,"minecraft:oak_boat":5,"minecraft:smooth_stone_slab":52,"minecraft:bone_meal":57,"minecraft:oak_fence":15,"minecraft:white_tulip":1,"minecraft:cooked_chicken":1,"minecraft:stone_hoe":70,"minecraft:netherrack":209,"minecraft:torch":652,"minecraft:dirt":379,"minecraft:spyglass":11,"minecraft:oak_fence_gate":1,"minecraft:birch_door":2,"minecraft:stone_brick_slab":12,"minecraft:wooden_axe":12,"minecraft:iron_axe":1232,"minecraft:oak_stairs":13,"minecraft:crimson_planks":2,"minecraft:barrel":29,"minecraft:smooth_basalt":1,"minecraft:basalt":11,"minecraft:cooked_beef":10,"minecraft:cobbled_deepslate":105,"minecraft:calcite":1,"minecraft:cooked_mutton":47,"minecraft:wheat_seeds":31,"minecraft:water_bucket":42,"minecraft:pink_tulip":1,"minecraft:amethyst_block":2,"minecraft:birch_planks":31,"minecraft:baked_potato":24,"minecraft:stonecutter":3,"minecraft:polished_blackstone_bricks":36,"minecraft:gilded_blackstone":1,"minecraft:oak_slab":206,"minecraft:crafting_table":28,"minecraft:white_bed":6,"minecraft:smoker":5,"minecraft:oak_log":193,"minecraft:diamond_pickaxe":67,"minecraft:apple":6,"minecraft:cracked_polished_blackstone_bricks":24,"minecraft:iron_pickaxe":3298,"minecraft:netherite_axe":2,"minecraft:stone_axe":439,"minecraft:cobblestone":173,"minecraft:purple_bed":7,"minecraft:white_banner":2,"minecraft:cooked_porkchop":36,"minecraft:bucket":44,"minecraft:glass_pane":128},"minecraft:killed":{"minecraft:cave_spider":1,"minecraft:witch":1,"minecraft:spider":10,"minecraft:skeleton":31,"minecraft:chicken":4,"minecraft:silverfish":6,"minecraft:piglin_brute":3,"minecraft:magma_cube":2,"minecraft:piglin":3,"minecraft:pig":32,"minecraft:zombie_villager":1,"minecraft:creeper":2,"minecraft:sheep":27,"minecraft:trader_llama":2,"minecraft:pillager":11,"minecraft:zombie":40,"minecraft:ghast":1,"minecraft:cow":5,"minecraft:drowned":3,"minecraft:wandering_trader":1,"minecraft:enderman":6},"minecraft:crafted":{"minecraft:smooth_stone":22,"minecraft:oak_planks":1368,"minecraft:barrel":30,"minecraft:purple_bed":2,"minecraft:oak_pressure_plate":4,"minecraft:cooked_chicken":1,"minecraft:stone":69,"minecraft:lever":2,"minecraft:cooked_mutton":61,"minecraft:quartz_block":1,"minecraft:glass":67,"minecraft:hopper":3,"minecraft:bow":3,"minecraft:iron_boots":4,"minecraft:chest":54,"minecraft:birch_door":3,"minecraft:stone_hoe":1,"minecraft:magenta_dye":1,"minecraft:oak_fence":24,"minecraft:cooked_rabbit":2,"minecraft:smoker":2,"minecraft:item_frame":7,"minecraft:oak_slab":258,"minecraft:deepslate":1,"minecraft:cooked_porkchop":57,"minecraft:crafting_table":9,"minecraft:iron_helmet":3,"minecraft:wooden_pickaxe":2,"minecraft:baked_potato":18,"minecraft:copper_ingot":57,"minecraft:birch_planks":80,"minecraft:dispenser":3,"minecraft:stone_brick_stairs":1,"minecraft:iron_chestplate":4,"minecraft:purple_dye":6,"minecraft:shield":6,"minecraft:stick":312,"minecraft:iron_ingot":350,"minecraft:iron_pickaxe":13,"minecraft:gold_ingot":4,"minecraft:light_gray_dye":1,"minecraft:shears":1,"minecraft:purple_wool":6,"minecraft:redstone":9,"minecraft:raw_iron":18,"minecraft:smooth_stone_slab":34,"minecraft:iron_nugget":117,"minecraft:spyglass":2,"minecraft:furnace":9,"minecraft:stone_button":2,"minecraft:bone_meal":54,"minecraft:glass_pane":128,"minecraft:lantern":12,"minecraft:polished_deepslate":4,"minecraft:iron_axe":8,"minecraft:ladder":3,"minecraft:stone_pickaxe":10,"minecraft:redstone_block":37,"minecraft:cooked_beef":7,"minecraft:red_dye":3,"minecraft:crimson_planks":4,"minecraft:bucket":5,"minecraft:stone_axe":8,"minecraft:air":0,"minecraft:bread":2,"minecraft:blue_dye":3,"minecraft:oak_fence_gate":1,"minecraft:oak_boat":1,"minecraft:oak_stairs":16,"minecraft:wooden_axe":1,"minecraft:iron_shovel":5,"minecraft:iron_leggings":2,"minecraft:stonecutter":2,"minecraft:white_bed":2,"minecraft:torch":600},"minecraft:dropped":{"minecraft:iron_sword":2,"minecraft:lapis_lazuli":32,"minecraft:warped_fungus":1,"minecraft:cooked_beef":4,"minecraft:oak_log":151,"minecraft:baked_potato":6,"minecraft:cooked_porkchop":13,"minecraft:rail":8,"minecraft:emerald":2,"minecraft:dirt":5,"minecraft:crimson_roots":1,"minecraft:gilded_blackstone":1,"minecraft:gold_nugget":4,"minecraft:bone_block":1,"minecraft:iron_pickaxe":6,"minecraft:birch_log":5,"minecraft:white_wool":1,"minecraft:gold_ingot":13,"minecraft:bone":19,"minecraft:gravel":28,"minecraft:stone_axe":3,"minecraft:spyglass":1,"minecraft:golden_chestplate":1,"minecraft:cobbled_deepslate":462,"minecraft:pointed_dripstone":2,"minecraft:rotten_flesh":3,"minecraft:oak_planks":28,"minecraft:cooked_mutton":9,"minecraft:arrow":5,"minecraft:netherrack":128,"minecraft:crimson_planks":4,"minecraft:iron_ingot":10,"minecraft:bread":2,"minecraft:wheat_seeds":16,"minecraft:dripstone_block":10,"minecraft:netherite_axe":1,"minecraft:iron_helmet":4,"minecraft:cobblestone":60,"minecraft:apple":4,"minecraft:diorite":43,"minecraft:torch":28,"minecraft:nether_wart_block":1,"minecraft:potion":2,"minecraft:iron_leggings":2,"minecraft:iron_axe":3,"minecraft:iron_shovel":1,"minecraft:string":2,"minecraft:lily_pad":2,"minecraft:pink_tulip":1,"minecraft:stone_sword":1,"minecraft:raw_copper":38,"minecraft:tuff":45,"minecraft:iron_boots":5,"minecraft:stripped_oak_log":1,"minecraft:shears":1,"minecraft:shield":3,"minecraft:iron_chestplate":3,"minecraft:purple_bed":2,"minecraft:spider_eye":2,"minecraft:bow":2,"minecraft:stone_pickaxe":3,"minecraft:raw_gold":1}},"DataVersion":3465}