{"stats":{"minecraft:broken":{"minecraft:wooden_pickaxe":1,"minecraft:stone_pickaxe":4,"minecraft:shield":1,"minecraft:stone_axe":3},"minecraft:custom":{"minecraft:mob_kills":98,"minecraft:interact_with_crafting_table":47,"minecraft:open_barrel":3,"minecraft:leave_game":10,"minecraft:time_since_death":183069,"minecraft:climb_one_cm":1146,"minecraft:sprint_one_cm":938395,"minecraft:walk_one_cm":509624,"minecraft:damage_blocked_by_shield":3120,"minecraft:drop":37,"minecraft:talked_to_villager":2,"minecraft:play_time":277280,"minecraft:sneak_time":3576,"minecraft:deaths":7,"minecraft:walk_under_water_one_cm":11320,"minecraft:boat_one_cm":353094,"minecraft:jump":5399,"minecraft:interact_with_brewingstand":1,"minecraft:interact_with_blast_furnace":11,"minecraft:walk_on_water_one_cm":62667,"minecraft:total_world_time":277280,"minecraft:interact_with_furnace":42,"minecraft:interact_with_stonecutter":4,"minecraft:sleep_in_bed":14,"minecraft:time_since_rest":51751,"minecraft:damage_taken":3642,"minecraft:damage_dealt":13066,"minecraft:swim_one_cm":68789,"minecraft:fly_one_cm":1091405,"minecraft:open_chest":48,"minecraft:crouch_one_cm":6271,"minecraft:interact_with_smoker":16,"minecraft:fall_one_cm":144234},"minecraft:mined":{"minecraft:white_bed":5,"minecraft:dark_oak_leaves":1,"minecraft:granite":13,"minecraft:budding_amethyst":4,"minecraft:allium":11,"minecraft:grass_block":194,"minecraft:oxeye_daisy":1,"minecraft:furnace":5,"minecraft:iron_ore":86,"minecraft:cobbled_deepslate":1,"minecraft:andesite":5,"minecraft:peony":1,"minecraft:pointed_dripstone":10,"minecraft:deepslate_iron_ore":1,"minecraft:white_tulip":1,"minecraft:stone":232,"minecraft:smoker":2,"minecraft:amethyst_cluster":3,"minecraft:dandelion":9,"minecraft:crafting_table":15,"minecraft:cornflower":8,"minecraft:torch":5,"minecraft:blast_furnace":1,"minecraft:emerald_ore":1,"minecraft:calcite":39,"minecraft:poppy":3,"minecraft:chest":3,"minecraft:mushroom_stem":3,"minecraft:tall_grass":5,"minecraft:copper_ore":5,"minecraft:cobblestone":5,"minecraft:sugar_cane":2,"minecraft:oak_planks":14,"minecraft:diorite":1,"minecraft:wall_torch":2,"minecraft:amethyst_block":65,"minecraft:purple_bed":6,"minecraft:birch_log":45,"minecraft:birch_leaves":18,"minecraft:smooth_stone_slab":8,"minecraft:grass":72,"minecraft:oak_log":115,"minecraft:coal_ore":152,"minecraft:dripstone_block":1,"minecraft:sand":7,"minecraft:dirt":63,"minecraft:smooth_basalt":31,"minecraft:red_mushroom_block":11,"minecraft:oak_leaves":53,"minecraft:infested_stone":2},"minecraft:picked_up":{"minecraft:crafting_table":16,"minecraft:allium":32,"minecraft:chicken":4,"minecraft:wooden_pickaxe":1,"minecraft:shield":4,"minecraft:amethyst_block":65,"minecraft:cornflower":10,"minecraft:string":2,"minecraft:raw_copper":63,"minecraft:smooth_stone_slab":10,"minecraft:cobbled_deepslate":6,"minecraft:beef":13,"minecraft:white_tulip":1,"minecraft:oak_boat":5,"minecraft:rose_bush":8,"minecraft:calcite":37,"minecraft:poppy":3,"minecraft:iron_pickaxe":2,"minecraft:sugar_cane":15,"minecraft:chest":5,"minecraft:birch_sapling":7,"minecraft:furnace":9,"minecraft:iron_boots":1,"minecraft:egg":3,"minecraft:stick":120,"minecraft:raw_iron":90,"minecraft:oak_fence":4,"minecraft:torch":32,"minecraft:porkchop":47,"minecraft:pointed_dripstone":19,"minecraft:diorite":4,"minecraft:redstone":20,"minecraft:stone_sword":2,"minecraft:arrow":21,"minecraft:rotten_flesh":31,"minecraft:peony":2,"minecraft:pink_tulip":4,"minecraft:mutton":25,"minecraft:white_wool":19,"minecraft:cobblestone":288,"minecraft:oxeye_daisy":1,"minecraft:birch_log":50,"minecraft:cooked_beef":5,"minecraft:feather":8,"minecraft:lilac":1,"minecraft:glow_ink_sac":6,"minecraft:andesite":5,"minecraft:leather":1,"minecraft:smoker":2,"minecraft:birch_planks":98,"minecraft:flint":1,"minecraft:oak_log":411,"minecraft:lily_pad":2,"minecraft:gunpowder":3,"minecraft:dirt":293,"minecraft:bone":13,"minecraft:apple":6,"minecraft:bow":1,"minecraft:wheat_seeds":13,"minecraft:raw_gold":6,"minecraft:iron_ingot":8,"minecraft:stone_pickaxe":2,"minecraft:oak_planks":116,"minecraft:smooth_basalt":29,"minecraft:cooked_porkchop":12,"minecraft:dandelion":22,"minecraft:dripstone_block":2,"minecraft:sand":28,"minecraft:amethyst_shard":14,"minecraft:blast_furnace":1,"minecraft:white_bed":6,"minecraft:spider_eye":1,"minecraft:purple_bed":7,"minecraft:diamond":12,"minecraft:stone_axe":3,"minecraft:iron_helmet":3,"minecraft:granite":16,"minecraft:emerald":1,"minecraft:oak_sapling":167,"minecraft:coal":167},"minecraft:killed_by":{"minecraft:creeper":1,"minecraft:skeleton":4,"minecraft:zombie":1},"minecraft:used":{"minecraft:iron_shovel":206,"minecraft:white_tulip":1,"minecraft:chest":5,"minecraft:shield":71,"minecraft:cooked_chicken":1,"minecraft:rotten_flesh":2,"minecraft:torch":220,"minecraft:dirt":200,"minecraft:wooden_axe":12,"minecraft:iron_axe":31,"minecraft:birch_sapling":1,"minecraft:stone_brick_stairs":4,"minecraft:furnace":5,"minecraft:egg":2,"minecraft:cooked_beef":5,"minecraft:cobbled_deepslate":5,"minecraft:cooked_mutton":14,"minecraft:pink_tulip":1,"minecraft:birch_planks":31,"minecraft:oak_planks":108,"minecraft:stone_pickaxe":468,"minecraft:wooden_pickaxe":77,"minecraft:stonecutter":1,"minecraft:crafting_table":18,"minecraft:blast_furnace":1,"minecraft:white_bed":6,"minecraft:smoker":3,"minecraft:oak_log":20,"minecraft:apple":6,"minecraft:iron_pickaxe":212,"minecraft:stone_axe":362,"minecraft:cobblestone":98,"minecraft:purple_bed":7,"minecraft:cooked_porkchop":22,"minecraft:smooth_stone_slab":10,"minecraft:oak_boat":5},"minecraft:killed":{"minecraft:spider":3,"minecraft:skeleton":11,"minecraft:chicken":4,"minecraft:silverfish":6,"minecraft:drowned":3,"minecraft:pig":24,"minecraft:creeper":1,"minecraft:sheep":16,"minecraft:zombie":21,"minecraft:enderman":1,"minecraft:cow":5},"minecraft:crafted":{"minecraft:purple_wool":6,"minecraft:smooth_stone":7,"minecraft:oak_planks":244,"minecraft:smooth_stone_slab":4,"minecraft:purple_bed":2,"minecraft:cooked_chicken":1,"minecraft:furnace":4,"minecraft:stone":14,"minecraft:cooked_mutton":22,"minecraft:iron_boots":1,"minecraft:iron_axe":1,"minecraft:stone_pickaxe":5,"minecraft:chest":2,"minecraft:magenta_dye":1,"minecraft:smoker":1,"minecraft:cooked_beef":4,"minecraft:red_dye":3,"minecraft:cooked_porkchop":45,"minecraft:crafting_table":3,"minecraft:iron_helmet":1,"minecraft:wooden_pickaxe":2,"minecraft:copper_ingot":57,"minecraft:birch_planks":52,"minecraft:stone_axe":8,"minecraft:air":0,"minecraft:blue_dye":3,"minecraft:oak_boat":1,"minecraft:stone_brick_stairs":1,"minecraft:iron_chestplate":1,"minecraft:purple_dye":6,"minecraft:shield":3,"minecraft:stick":140,"minecraft:iron_ingot":42,"minecraft:iron_pickaxe":2,"minecraft:wooden_axe":1,"minecraft:iron_shovel":1,"minecraft:gold_ingot":4,"minecraft:stonecutter":1,"minecraft:light_gray_dye":1,"minecraft:white_bed":2,"minecraft:torch":212},"minecraft:dropped":{"minecraft:bread":2,"minecraft:wheat_seeds":12,"minecraft:cooked_beef":4,"minecraft:oak_log":47,"minecraft:cooked_porkchop":13,"minecraft:iron_helmet":3,"minecraft:apple":4,"minecraft:dirt":3,"minecraft:iron_pickaxe":2,"minecraft:birch_log":5,"minecraft:lily_pad":2,"minecraft:pink_tulip":1,"minecraft:stone_axe":3,"minecraft:stone_sword":1,"minecraft:pointed_dripstone":2,"minecraft:rotten_flesh":3,"minecraft:iron_boots":2,"minecraft:shield":1,"minecraft:iron_chestplate":1,"minecraft:purple_bed":2,"minecraft:stone_pickaxe":2}},"DataVersion":3465}