{"stats":{"minecraft:broken":{"minecraft:wooden_pickaxe":1,"minecraft:stone_pickaxe":1,"minecraft:stone_axe":3},"minecraft:custom":{"minecraft:mob_kills":81,"minecraft:interact_with_crafting_table":40,"minecraft:open_barrel":3,"minecraft:leave_game":7,"minecraft:time_since_death":135877,"minecraft:climb_one_cm":1146,"minecraft:sprint_one_cm":787393,"minecraft:walk_one_cm":405654,"minecraft:damage_blocked_by_shield":2010,"minecraft:drop":34,"minecraft:talked_to_villager":2,"minecraft:play_time":230088,"minecraft:deaths":7,"minecraft:sneak_time":2689,"minecraft:walk_under_water_one_cm":11105,"minecraft:boat_one_cm":353094,"minecraft:jump":4532,"minecraft:interact_with_brewingstand":1,"minecraft:interact_with_blast_furnace":4,"minecraft:walk_on_water_one_cm":45516,"minecraft:total_world_time":230088,"minecraft:interact_with_furnace":41,"minecraft:interact_with_stonecutter":4,"minecraft:sleep_in_bed":14,"minecraft:time_since_rest":4559,"minecraft:damage_taken":3071,"minecraft:damage_dealt":10261,"minecraft:swim_one_cm":66961,"minecraft:fly_one_cm":978310,"minecraft:open_chest":41,"minecraft:crouch_one_cm":5155,"minecraft:interact_with_smoker":14,"minecraft:fall_one_cm":125146},"minecraft:mined":{"minecraft:white_bed":5,"minecraft:dark_oak_leaves":1,"minecraft:granite":3,"minecraft:allium":11,"minecraft:grass_block":194,"minecraft:oxeye_daisy":1,"minecraft:furnace":5,"minecraft:iron_ore":6,"minecraft:cobbled_deepslate":1,"minecraft:peony":1,"minecraft:deepslate_iron_ore":1,"minecraft:white_tulip":1,"minecraft:stone":122,"minecraft:smoker":2,"minecraft:dandelion":9,"minecraft:crafting_table":15,"minecraft:cornflower":8,"minecraft:torch":2,"minecraft:blast_furnace":1,"minecraft:poppy":3,"minecraft:chest":3,"minecraft:mushroom_stem":3,"minecraft:tall_grass":5,"minecraft:cobblestone":4,"minecraft:oak_planks":14,"minecraft:sugar_cane":2,"minecraft:purple_bed":6,"minecraft:birch_log":45,"minecraft:birch_leaves":18,"minecraft:smooth_stone_slab":8,"minecraft:grass":72,"minecraft:oak_log":115,"minecraft:coal_ore":24,"minecraft:sand":7,"minecraft:dirt":62,"minecraft:red_mushroom_block":11,"minecraft:oak_leaves":53},"minecraft:picked_up":{"minecraft:crafting_table":16,"minecraft:allium":32,"minecraft:chicken":4,"minecraft:wooden_pickaxe":1,"minecraft:shield":4,"minecraft:cornflower":10,"minecraft:string":2,"minecraft:raw_copper":46,"minecraft:smooth_stone_slab":10,"minecraft:cobbled_deepslate":6,"minecraft:beef":13,"minecraft:white_tulip":1,"minecraft:oak_boat":5,"minecraft:rose_bush":8,"minecraft:poppy":3,"minecraft:iron_pickaxe":2,"minecraft:sugar_cane":15,"minecraft:chest":5,"minecraft:birch_sapling":7,"minecraft:egg":3,"minecraft:iron_boots":1,"minecraft:furnace":9,"minecraft:stick":120,"minecraft:raw_iron":10,"minecraft:oak_fence":4,"minecraft:torch":20,"minecraft:porkchop":47,"minecraft:diorite":3,"minecraft:redstone":20,"minecraft:stone_sword":2,"minecraft:arrow":13,"minecraft:rotten_flesh":26,"minecraft:peony":2,"minecraft:pink_tulip":4,"minecraft:mutton":25,"minecraft:cobblestone":161,"minecraft:white_wool":19,"minecraft:oxeye_daisy":1,"minecraft:birch_log":50,"minecraft:cooked_beef":5,"minecraft:feather":8,"minecraft:lilac":1,"minecraft:leather":1,"minecraft:smoker":2,"minecraft:birch_planks":98,"minecraft:oak_log":394,"minecraft:lily_pad":2,"minecraft:gunpowder":2,"minecraft:dirt":292,"minecraft:bone":9,"minecraft:apple":6,"minecraft:bow":1,"minecraft:wheat_seeds":13,"minecraft:raw_gold":6,"minecraft:iron_ingot":8,"minecraft:stone_pickaxe":2,"minecraft:oak_planks":116,"minecraft:cooked_porkchop":12,"minecraft:dandelion":22,"minecraft:sand":28,"minecraft:blast_furnace":1,"minecraft:white_bed":6,"minecraft:purple_bed":7,"minecraft:diamond":12,"minecraft:stone_axe":3,"minecraft:iron_helmet":3,"minecraft:granite":7,"minecraft:oak_sapling":167,"minecraft:coal":40},"minecraft:killed_by":{"minecraft:creeper":1,"minecraft:skeleton":4,"minecraft:zombie":1},"minecraft:used":{"minecraft:iron_shovel":206,"minecraft:white_tulip":1,"minecraft:chest":5,"minecraft:shield":50,"minecraft:cooked_chicken":1,"minecraft:rotten_flesh":2,"minecraft:torch":23,"minecraft:dirt":200,"minecraft:wooden_axe":12,"minecraft:birch_sapling":1,"minecraft:stone_brick_stairs":4,"minecraft:furnace":5,"minecraft:egg":2,"minecraft:cooked_beef":5,"minecraft:cobbled_deepslate":5,"minecraft:cooked_mutton":12,"minecraft:pink_tulip":1,"minecraft:birch_planks":31,"minecraft:oak_planks":101,"minecraft:stone_pickaxe":181,"minecraft:wooden_pickaxe":77,"minecraft:stonecutter":1,"minecraft:crafting_table":18,"minecraft:blast_furnace":1,"minecraft:white_bed":6,"minecraft:smoker":3,"minecraft:oak_log":12,"minecraft:apple":6,"minecraft:stone_axe":349,"minecraft:cobblestone":26,"minecraft:purple_bed":7,"minecraft:cooked_porkchop":14,"minecraft:smooth_stone_slab":10,"minecraft:oak_boat":5},"minecraft:killed":{"minecraft:spider":2,"minecraft:skeleton":5,"minecraft:chicken":4,"minecraft:drowned":3,"minecraft:pig":24,"minecraft:creeper":1,"minecraft:sheep":16,"minecraft:zombie":17,"minecraft:enderman":1,"minecraft:cow":5},"minecraft:crafted":{"minecraft:purple_wool":6,"minecraft:smooth_stone":7,"minecraft:oak_planks":176,"minecraft:smooth_stone_slab":4,"minecraft:purple_bed":2,"minecraft:cooked_chicken":1,"minecraft:furnace":4,"minecraft:stone":14,"minecraft:cooked_mutton":22,"minecraft:iron_boots":1,"minecraft:stone_pickaxe":3,"minecraft:chest":2,"minecraft:magenta_dye":1,"minecraft:smoker":1,"minecraft:cooked_beef":4,"minecraft:red_dye":3,"minecraft:cooked_porkchop":31,"minecraft:crafting_table":3,"minecraft:wooden_pickaxe":2,"minecraft:iron_helmet":1,"minecraft:birch_planks":52,"minecraft:stone_axe":8,"minecraft:air":0,"minecraft:blue_dye":3,"minecraft:oak_boat":1,"minecraft:stone_brick_stairs":1,"minecraft:iron_chestplate":1,"minecraft:purple_dye":6,"minecraft:shield":2,"minecraft:stick":72,"minecraft:iron_ingot":23,"minecraft:iron_pickaxe":1,"minecraft:wooden_axe":1,"minecraft:iron_shovel":1,"minecraft:stonecutter":1,"minecraft:light_gray_dye":1,"minecraft:white_bed":2,"minecraft:torch":20},"minecraft:dropped":{"minecraft:bread":2,"minecraft:cooked_beef":4,"minecraft:oak_log":47,"minecraft:cooked_porkchop":13,"minecraft:iron_helmet":3,"minecraft:apple":4,"minecraft:dirt":3,"minecraft:iron_pickaxe":2,"minecraft:lily_pad":2,"minecraft:birch_log":5,"minecraft:pink_tulip":1,"minecraft:stone_axe":3,"minecraft:stone_sword":1,"minecraft:iron_boots":2,"minecraft:shield":1,"minecraft:iron_chestplate":1,"minecraft:purple_bed":2,"minecraft:stone_pickaxe":2}},"DataVersion":3465}