{"stats":{"minecraft:used":{"minecraft:iron_shovel":757,"minecraft:chest":51,"minecraft:shield":116,"minecraft:rotten_flesh":3,"minecraft:tuff":1,"minecraft:glass":8,"minecraft:lantern":10,"minecraft:birch_sapling":1,"minecraft:stone_brick_stairs":4,"minecraft:item_frame":7,"minecraft:furnace":9,"minecraft:oak_sapling":33,"minecraft:egg":2,"minecraft:birch_leaves":6,"minecraft:stone_pickaxe":869,"minecraft:oak_planks":501,"minecraft:wooden_pickaxe":77,"minecraft:sand":2,"minecraft:blast_furnace":3,"minecraft:shears":8,"minecraft:bread":1,"minecraft:smooth_stone_slab":52,"minecraft:oak_boat":5,"minecraft:oak_fence":2,"minecraft:white_tulip":1,"minecraft:cooked_chicken":1,"minecraft:torch":412,"minecraft:dirt":355,"minecraft:spyglass":11,"minecraft:birch_door":2,"minecraft:stone_brick_slab":12,"minecraft:wooden_axe":12,"minecraft:iron_axe":810,"minecraft:oak_stairs":13,"minecraft:barrel":26,"minecraft:smooth_basalt":1,"minecraft:cooked_beef":8,"minecraft:cobbled_deepslate":5,"minecraft:calcite":1,"minecraft:cooked_mutton":39,"minecraft:water_bucket":18,"minecraft:amethyst_block":2,"minecraft:pink_tulip":1,"minecraft:birch_planks":31,"minecraft:stonecutter":3,"minecraft:oak_slab":204,"minecraft:crafting_table":23,"minecraft:white_bed":6,"minecraft:smoker":5,"minecraft:oak_log":193,"minecraft:apple":6,"minecraft:iron_pickaxe":751,"minecraft:stone_axe":439,"minecraft:cobblestone":122,"minecraft:purple_bed":7,"minecraft:white_banner":2,"minecraft:cooked_porkchop":31,"minecraft:bucket":19,"minecraft:glass_pane":128},"minecraft:custom":{"minecraft:interact_with_crafting_table":135,"minecraft:open_barrel":8,"minecraft:leave_game":23,"minecraft:time_since_death":249313,"minecraft:sprint_one_cm":1593085,"minecraft:damage_blocked_by_shield":5460,"minecraft:drop":65,"minecraft:talked_to_villager":4,"minecraft:play_time":548716,"minecraft:deaths":8,"minecraft:jump":8856,"minecraft:interact_with_brewingstand":1,"minecraft:walk_on_water_one_cm":75398,"minecraft:interact_with_furnace":86,"minecraft:sleep_in_bed":26,"minecraft:damage_dealt":22832,"minecraft:crouch_one_cm":10534,"minecraft:interact_with_smoker":39,"minecraft:horse_one_cm":6,"minecraft:mob_kills":153,"minecraft:climb_one_cm":6393,"minecraft:walk_one_cm":1217715,"minecraft:sneak_time":7235,"minecraft:walk_under_water_one_cm":11857,"minecraft:boat_one_cm":353094,"minecraft:interact_with_blast_furnace":28,"minecraft:total_world_time":548716,"minecraft:interact_with_stonecutter":7,"minecraft:time_since_rest":50447,"minecraft:damage_taken":5521,"minecraft:swim_one_cm":73967,"minecraft:fly_one_cm":1817093,"minecraft:open_chest":251,"minecraft:fall_one_cm":226293},"minecraft:killed":{"minecraft:cave_spider":1,"minecraft:witch":1,"minecraft:spider":7,"minecraft:skeleton":18,"minecraft:chicken":4,"minecraft:silverfish":6,"minecraft:pig":25,"minecraft:creeper":1,"minecraft:sheep":26,"minecraft:trader_llama":2,"minecraft:pillager":11,"minecraft:zombie":31,"minecraft:cow":5,"minecraft:drowned":3,"minecraft:wandering_trader":1,"minecraft:enderman":5},"minecraft:mined":{"minecraft:white_bed":5,"minecraft:oak_sapling":1,"minecraft:granite":13,"minecraft:budding_amethyst":4,"minecraft:grass_block":258,"minecraft:oxeye_daisy":1,"minecraft:cobbled_deepslate":1,"minecraft:iron_ore":119,"minecraft:barrel":2,"minecraft:deepslate_lapis_ore":2,"minecraft:pointed_dripstone":10,"minecraft:oak_stairs":1,"minecraft:deepslate_redstone_ore":7,"minecraft:smoker":3,"minecraft:amethyst_cluster":3,"minecraft:torch":13,"minecraft:blast_furnace":3,"minecraft:calcite":40,"minecraft:poppy":3,"minecraft:chest":12,"minecraft:mushroom_stem":3,"minecraft:glass":8,"minecraft:cobblestone":8,"minecraft:sugar_cane":2,"minecraft:oak_planks":129,"minecraft:wall_torch":6,"minecraft:amethyst_block":68,"minecraft:birch_log":52,"minecraft:smooth_stone_slab":9,"minecraft:grass":86,"minecraft:oak_log":526,"minecraft:sand":281,"minecraft:dirt":318,"minecraft:smooth_basalt":32,"minecraft:red_mushroom_block":11,"minecraft:stonecutter":1,"minecraft:oak_leaves":181,"minecraft:deepslate":31,"minecraft:tuff":45,"minecraft:dark_oak_leaves":1,"minecraft:allium":11,"minecraft:furnace":7,"minecraft:andesite":5,"minecraft:peony":1,"minecraft:deepslate_iron_ore":66,"minecraft:rail":1,"minecraft:lantern":6,"minecraft:stone":844,"minecraft:white_tulip":1,"minecraft:oak_slab":35,"minecraft:glass_pane":5,"minecraft:dandelion":10,"minecraft:oak_fence":6,"minecraft:crafting_table":16,"minecraft:cornflower":8,"minecraft:emerald_ore":4,"minecraft:tall_grass":6,"minecraft:copper_ore":6,"minecraft:deepslate_gold_ore":1,"minecraft:diorite":42,"minecraft:purple_bed":6,"minecraft:birch_leaves":29,"minecraft:white_wall_banner":1,"minecraft:coal_ore":217,"minecraft:gravel":3,"minecraft:dripstone_block":1,"minecraft:infested_stone":2},"minecraft:dropped":{"minecraft:lapis_lazuli":32,"minecraft:cooked_beef":4,"minecraft:oak_log":151,"minecraft:cooked_porkchop":13,"minecraft:rail":8,"minecraft:emerald":2,"minecraft:dirt":3,"minecraft:iron_pickaxe":2,"minecraft:birch_log":5,"minecraft:bone":12,"minecraft:stone_axe":3,"minecraft:spyglass":1,"minecraft:pointed_dripstone":2,"minecraft:rotten_flesh":3,"minecraft:oak_planks":28,"minecraft:cooked_mutton":4,"minecraft:iron_ingot":10,"minecraft:bread":2,"minecraft:wheat_seeds":13,"minecraft:iron_helmet":4,"minecraft:apple":4,"minecraft:iron_leggings":1,"minecraft:iron_axe":2,"minecraft:iron_shovel":1,"minecraft:lily_pad":2,"minecraft:pink_tulip":1,"minecraft:stone_sword":1,"minecraft:raw_copper":38,"minecraft:iron_boots":3,"minecraft:stripped_oak_log":1,"minecraft:shield":2,"minecraft:iron_chestplate":2,"minecraft:purple_bed":2,"minecraft:stone_pickaxe":2,"minecraft:raw_gold":1},"minecraft:broken":{"minecraft:iron_shovel":3,"minecraft:stone_pickaxe":7,"minecraft:stone_axe":4,"minecraft:wooden_pickaxe":1,"minecraft:shield":2,"minecraft:iron_axe":3,"minecraft:iron_pickaxe":3},"minecraft:killed_by":{"minecraft:creeper":1,"minecraft:zombie":1,"minecraft:skeleton":5},"minecraft:picked_up":{"minecraft:iron_chestplate":1,"minecraft:lead":5,"minecraft:oak_stairs":1,"minecraft:amethyst_block":71,"minecraft:string":32,"minecraft:raw_copper":118,"minecraft:smooth_stone_slab":12,"minecraft:iron_leggings":1,"minecraft:cobbled_deepslate":36,"minecraft:smooth_stone":11,"minecraft:red_dye":6,"minecraft:white_tulip":1,"minecraft:rose_bush":8,"minecraft:calcite":75,"minecraft:iron_pickaxe":3,"minecraft:iron_boots":2,"minecraft:furnace":11,"minecraft:stick":164,"minecraft:oak_fence":10,"minecraft:torch":52,"minecraft:porkchop":49,"minecraft:pointed_dripstone":37,"minecraft:diorite":36,"minecraft:stone_sword":2,"minecraft:rotten_flesh":41,"minecraft:cobblestone":912,"minecraft:birch_log":57,"minecraft:cooked_beef":5,"minecraft:feather":8,"minecraft:lilac":1,"minecraft:water_bucket":2,"minecraft:andesite":10,"minecraft:smoker":3,"minecraft:flint":2,"minecraft:tuff":43,"minecraft:lapis_lazuli":32,"minecraft:dirt":710,"minecraft:lantern":6,"minecraft:leather_boots":1,"minecraft:bone":29,"minecraft:stonecutter":1,"minecraft:bow":1,"minecraft:wheat_seeds":17,"minecraft:raw_gold":7,"minecraft:oak_planks":247,"minecraft:cooked_porkchop":12,"minecraft:sand":293,"minecraft:barrel":2,"minecraft:sugar":1,"minecraft:diamond":16,"minecraft:crossbow":2,"minecraft:granite":34,"minecraft:bread":4,"minecraft:golden_apple":1,"minecraft:emerald":13,"minecraft:oak_sapling":204,"minecraft:crafting_table":17,"minecraft:allium":32,"minecraft:chicken":4,"minecraft:wooden_pickaxe":1,"minecraft:shield":5,"minecraft:cornflower":10,"minecraft:iron_axe":2,"minecraft:flint_and_steel":1,"minecraft:iron_shovel":1,"minecraft:beef":13,"minecraft:oak_boat":5,"minecraft:poppy":3,"minecraft:sugar_cane":15,"minecraft:chest":13,"minecraft:birch_sapling":7,"minecraft:egg":3,"minecraft:raw_iron":186,"minecraft:stone":19,"minecraft:fire_charge":1,"minecraft:redstone":59,"minecraft:arrow":31,"minecraft:peony":2,"minecraft:pink_tulip":4,"minecraft:mutton":44,"minecraft:white_wool":30,"minecraft:oxeye_daisy":1,"minecraft:stripped_oak_log":4,"minecraft:birch_leaves":8,"minecraft:clock":1,"minecraft:glow_ink_sac":12,"minecraft:leather":4,"minecraft:birch_planks":98,"minecraft:oak_log":909,"minecraft:lily_pad":2,"minecraft:gunpowder":9,"minecraft:white_banner":2,"minecraft:cooked_mutton":14,"minecraft:apple":9,"minecraft:stone_pickaxe":2,"minecraft:iron_ingot":13,"minecraft:oak_slab":41,"minecraft:smooth_basalt":59,"minecraft:pumpkin":18,"minecraft:dandelion":27,"minecraft:spyglass":1,"minecraft:dripstone_block":6,"minecraft:gravel":3,"minecraft:amethyst_shard":14,"minecraft:blast_furnace":3,"minecraft:white_bed":8,"minecraft:spider_eye":6,"minecraft:purple_bed":7,"minecraft:stone_axe":4,"minecraft:iron_helmet":4,"minecraft:coal":369,"minecraft:ender_pearl":6},"minecraft:crafted":{"minecraft:oak_planks":1136,"minecraft:smooth_stone":22,"minecraft:barrel":30,"minecraft:purple_bed":2,"minecraft:cooked_chicken":1,"minecraft:stone":69,"minecraft:cooked_mutton":50,"minecraft:glass":67,"minecraft:iron_boots":3,"minecraft:chest":40,"minecraft:birch_door":3,"minecraft:magenta_dye":1,"minecraft:oak_fence":3,"minecraft:cooked_rabbit":1,"minecraft:smoker":2,"minecraft:oak_slab":258,"minecraft:item_frame":7,"minecraft:cooked_porkchop":49,"minecraft:crafting_table":6,"minecraft:wooden_pickaxe":2,"minecraft:iron_helmet":3,"minecraft:copper_ingot":57,"minecraft:birch_planks":80,"minecraft:stone_brick_stairs":1,"minecraft:iron_chestplate":3,"minecraft:purple_dye":6,"minecraft:shield":5,"minecraft:stick":212,"minecraft:iron_ingot":124,"minecraft:iron_pickaxe":5,"minecraft:gold_ingot":4,"minecraft:light_gray_dye":1,"minecraft:shears":1,"minecraft:purple_wool":6,"minecraft:smooth_stone_slab":34,"minecraft:iron_nugget":27,"minecraft:spyglass":2,"minecraft:furnace":7,"minecraft:glass_pane":128,"minecraft:lantern":4,"minecraft:iron_axe":6,"minecraft:stone_pickaxe":10,"minecraft:cooked_beef":7,"minecraft:red_dye":3,"minecraft:bucket":2,"minecraft:stone_axe":8,"minecraft:air":0,"minecraft:blue_dye":3,"minecraft:oak_boat":1,"minecraft:wooden_axe":1,"minecraft:oak_stairs":12,"minecraft:iron_shovel":4,"minecraft:iron_leggings":2,"minecraft:stonecutter":2,"minecraft:white_bed":2,"minecraft:torch":388}},"DataVersion":3465}