{"stats":{"minecraft:used":{"minecraft:oak_fence":1,"minecraft:iron_shovel":650,"minecraft:white_tulip":1,"minecraft:chest":6,"minecraft:shield":84,"minecraft:cooked_chicken":1,"minecraft:rotten_flesh":2,"minecraft:torch":293,"minecraft:dirt":326,"minecraft:spyglass":11,"minecraft:birch_door":2,"minecraft:stone_brick_slab":12,"minecraft:glass":8,"minecraft:wooden_axe":12,"minecraft:lantern":10,"minecraft:iron_axe":449,"minecraft:oak_stairs":13,"minecraft:birch_sapling":1,"minecraft:stone_brick_stairs":4,"minecraft:smooth_basalt":1,"minecraft:oak_sapling":9,"minecraft:furnace":5,"minecraft:egg":2,"minecraft:cooked_beef":8,"minecraft:cobbled_deepslate":5,"minecraft:calcite":1,"minecraft:cooked_mutton":25,"minecraft:water_bucket":8,"minecraft:amethyst_block":1,"minecraft:pink_tulip":1,"minecraft:birch_planks":31,"minecraft:oak_planks":370,"minecraft:stone_pickaxe":468,"minecraft:wooden_pickaxe":77,"minecraft:stonecutter":1,"minecraft:oak_slab":23,"minecraft:sand":2,"minecraft:blast_furnace":1,"minecraft:crafting_table":20,"minecraft:white_bed":6,"minecraft:smoker":3,"minecraft:oak_log":190,"minecraft:apple":6,"minecraft:iron_pickaxe":345,"minecraft:stone_axe":424,"minecraft:cobblestone":99,"minecraft:purple_bed":7,"minecraft:cooked_porkchop":26,"minecraft:bucket":10,"minecraft:glass_pane":128,"minecraft:smooth_stone_slab":32,"minecraft:oak_boat":5},"minecraft:killed":{"minecraft:spider":5,"minecraft:skeleton":12,"minecraft:chicken":4,"minecraft:silverfish":6,"minecraft:drowned":3,"minecraft:pig":24,"minecraft:wandering_trader":1,"minecraft:creeper":1,"minecraft:sheep":17,"minecraft:trader_llama":2,"minecraft:pillager":1,"minecraft:zombie":27,"minecraft:enderman":5,"minecraft:cow":5},"minecraft:custom":{"minecraft:mob_kills":117,"minecraft:interact_with_crafting_table":83,"minecraft:open_barrel":3,"minecraft:leave_game":18,"minecraft:time_since_death":100387,"minecraft:climb_one_cm":2200,"minecraft:sprint_one_cm":1257314,"minecraft:walk_one_cm":856258,"minecraft:damage_blocked_by_shield":3660,"minecraft:drop":52,"minecraft:talked_to_villager":4,"minecraft:play_time":399790,"minecraft:sneak_time":4299,"minecraft:deaths":8,"minecraft:walk_under_water_one_cm":11628,"minecraft:boat_one_cm":353094,"minecraft:jump":7184,"minecraft:interact_with_brewingstand":1,"minecraft:interact_with_blast_furnace":20,"minecraft:walk_on_water_one_cm":65779,"minecraft:total_world_time":399790,"minecraft:interact_with_furnace":52,"minecraft:interact_with_stonecutter":6,"minecraft:sleep_in_bed":21,"minecraft:time_since_rest":60986,"minecraft:damage_taken":4632,"minecraft:damage_dealt":17638,"minecraft:swim_one_cm":73967,"minecraft:fly_one_cm":1460457,"minecraft:open_chest":103,"minecraft:crouch_one_cm":7522,"minecraft:interact_with_smoker":21,"minecraft:fall_one_cm":188845,"minecraft:horse_one_cm":6},"minecraft:mined":{"minecraft:white_bed":5,"minecraft:dark_oak_leaves":1,"minecraft:granite":13,"minecraft:budding_amethyst":4,"minecraft:allium":11,"minecraft:grass_block":234,"minecraft:oxeye_daisy":1,"minecraft:furnace":5,"minecraft:iron_ore":86,"minecraft:cobbled_deepslate":1,"minecraft:andesite":5,"minecraft:peony":1,"minecraft:pointed_dripstone":10,"minecraft:deepslate_iron_ore":1,"minecraft:oak_stairs":1,"minecraft:lantern":6,"minecraft:white_tulip":1,"minecraft:stone":349,"minecraft:oak_slab":7,"minecraft:glass_pane":5,"minecraft:smoker":2,"minecraft:amethyst_cluster":3,"minecraft:dandelion":9,"minecraft:cornflower":8,"minecraft:crafting_table":15,"minecraft:torch":8,"minecraft:blast_furnace":1,"minecraft:emerald_ore":1,"minecraft:calcite":40,"minecraft:poppy":3,"minecraft:chest":3,"minecraft:glass":8,"minecraft:mushroom_stem":3,"minecraft:copper_ore":5,"minecraft:tall_grass":5,"minecraft:cobblestone":5,"minecraft:oak_planks":87,"minecraft:sugar_cane":2,"minecraft:diorite":1,"minecraft:wall_torch":2,"minecraft:amethyst_block":66,"minecraft:purple_bed":6,"minecraft:birch_log":52,"minecraft:birch_leaves":19,"minecraft:smooth_stone_slab":9,"minecraft:grass":82,"minecraft:oak_log":365,"minecraft:coal_ore":157,"minecraft:sand":281,"minecraft:dripstone_block":1,"minecraft:dirt":200,"minecraft:smooth_basalt":32,"minecraft:red_mushroom_block":11,"minecraft:oak_leaves":131,"minecraft:infested_stone":2},"minecraft:dropped":{"minecraft:bread":2,"minecraft:wheat_seeds":13,"minecraft:cooked_beef":4,"minecraft:oak_log":151,"minecraft:cooked_porkchop":13,"minecraft:iron_helmet":4,"minecraft:apple":4,"minecraft:dirt":3,"minecraft:iron_leggings":1,"minecraft:iron_axe":2,"minecraft:iron_pickaxe":2,"minecraft:iron_shovel":1,"minecraft:birch_log":5,"minecraft:lily_pad":2,"minecraft:pink_tulip":1,"minecraft:stone_axe":3,"minecraft:spyglass":1,"minecraft:stone_sword":1,"minecraft:pointed_dripstone":2,"minecraft:rotten_flesh":3,"minecraft:oak_planks":27,"minecraft:iron_boots":3,"minecraft:stripped_oak_log":1,"minecraft:shield":1,"minecraft:iron_chestplate":2,"minecraft:purple_bed":2,"minecraft:stone_pickaxe":2},"minecraft:broken":{"minecraft:iron_shovel":2,"minecraft:wooden_pickaxe":1,"minecraft:stone_pickaxe":4,"minecraft:shield":1,"minecraft:iron_axe":2,"minecraft:stone_axe":3,"minecraft:iron_pickaxe":1},"minecraft:killed_by":{"minecraft:creeper":1,"minecraft:skeleton":5,"minecraft:zombie":1},"minecraft:picked_up":{"minecraft:iron_chestplate":1,"minecraft:crafting_table":16,"minecraft:allium":32,"minecraft:chicken":4,"minecraft:lead":3,"minecraft:wooden_pickaxe":1,"minecraft:oak_stairs":1,"minecraft:shield":5,"minecraft:amethyst_block":66,"minecraft:cornflower":10,"minecraft:string":4,"minecraft:raw_copper":63,"minecraft:iron_axe":2,"minecraft:smooth_stone_slab":12,"minecraft:iron_leggings":1,"minecraft:iron_shovel":1,"minecraft:cobbled_deepslate":6,"minecraft:beef":13,"minecraft:white_tulip":1,"minecraft:oak_boat":5,"minecraft:rose_bush":8,"minecraft:calcite":38,"minecraft:poppy":3,"minecraft:iron_pickaxe":3,"minecraft:sugar_cane":15,"minecraft:chest":5,"minecraft:birch_sapling":7,"minecraft:furnace":9,"minecraft:iron_boots":2,"minecraft:egg":3,"minecraft:stick":153,"minecraft:raw_iron":90,"minecraft:oak_fence":4,"minecraft:torch":37,"minecraft:porkchop":47,"minecraft:pointed_dripstone":36,"minecraft:diorite":5,"minecraft:redstone":20,"minecraft:stone_sword":2,"minecraft:arrow":29,"minecraft:rotten_flesh":33,"minecraft:peony":2,"minecraft:pink_tulip":4,"minecraft:stripped_oak_log":4,"minecraft:mutton":27,"minecraft:white_wool":21,"minecraft:cobblestone":426,"minecraft:oxeye_daisy":1,"minecraft:birch_log":57,"minecraft:cooked_beef":5,"minecraft:feather":8,"minecraft:lilac":1,"minecraft:glow_ink_sac":6,"minecraft:water_bucket":1,"minecraft:andesite":10,"minecraft:leather":4,"minecraft:smoker":2,"minecraft:birch_planks":98,"minecraft:flint":1,"minecraft:oak_log":749,"minecraft:lily_pad":2,"minecraft:gunpowder":6,"minecraft:dirt":569,"minecraft:lantern":6,"minecraft:cooked_mutton":10,"minecraft:bone":18,"minecraft:apple":9,"minecraft:bow":1,"minecraft:wheat_seeds":17,"minecraft:raw_gold":6,"minecraft:iron_ingot":9,"minecraft:stone_pickaxe":2,"minecraft:oak_planks":203,"minecraft:oak_slab":7,"minecraft:smooth_basalt":30,"minecraft:cooked_porkchop":12,"minecraft:dandelion":25,"minecraft:spyglass":1,"minecraft:dripstone_block":4,"minecraft:sand":293,"minecraft:amethyst_shard":14,"minecraft:blast_furnace":1,"minecraft:white_bed":6,"minecraft:spider_eye":4,"minecraft:purple_bed":7,"minecraft:diamond":12,"minecraft:stone_axe":4,"minecraft:iron_helmet":4,"minecraft:granite":25,"minecraft:emerald":1,"minecraft:oak_sapling":193,"minecraft:coal":236,"minecraft:ender_pearl":3},"minecraft:crafted":{"minecraft:purple_wool":6,"minecraft:smooth_stone":10,"minecraft:oak_planks":492,"minecraft:smooth_stone_slab":10,"minecraft:iron_nugget":27,"minecraft:purple_bed":2,"minecraft:spyglass":2,"minecraft:cooked_chicken":1,"minecraft:furnace":4,"minecraft:stone":46,"minecraft:cooked_mutton":33,"minecraft:glass_pane":128,"minecraft:glass":67,"minecraft:lantern":4,"minecraft:iron_boots":3,"minecraft:iron_axe":5,"minecraft:stone_pickaxe":5,"minecraft:chest":3,"minecraft:birch_door":3,"minecraft:oak_fence":3,"minecraft:magenta_dye":1,"minecraft:smoker":1,"minecraft:cooked_beef":7,"minecraft:red_dye":3,"minecraft:oak_slab":24,"minecraft:cooked_porkchop":45,"minecraft:crafting_table":4,"minecraft:wooden_pickaxe":2,"minecraft:iron_helmet":3,"minecraft:copper_ingot":57,"minecraft:bucket":2,"minecraft:birch_planks":80,"minecraft:stone_axe":8,"minecraft:air":0,"minecraft:blue_dye":3,"minecraft:oak_boat":1,"minecraft:stone_brick_stairs":1,"minecraft:iron_chestplate":3,"minecraft:purple_dye":6,"minecraft:shield":3,"minecraft:stick":140,"minecraft:oak_stairs":12,"minecraft:iron_ingot":109,"minecraft:iron_pickaxe":3,"minecraft:wooden_axe":1,"minecraft:iron_shovel":4,"minecraft:iron_leggings":2,"minecraft:gold_ingot":4,"minecraft:stonecutter":1,"minecraft:light_gray_dye":1,"minecraft:white_bed":2,"minecraft:torch":296}},"DataVersion":3465}