{"stats":{"minecraft:crafted":{"minecraft:smooth_stone":150,"minecraft:oak_planks":1392,"minecraft:barrel":30,"minecraft:purple_bed":2,"minecraft:oak_pressure_plate":4,"minecraft:cooked_chicken":6,"minecraft:stone":197,"minecraft:lever":2,"minecraft:cooked_mutton":97,"minecraft:quartz_block":19,"minecraft:glass":67,"minecraft:hopper":3,"minecraft:bow":3,"minecraft:iron_boots":4,"minecraft:polished_blackstone":4,"minecraft:chest":54,"minecraft:birch_door":3,"minecraft:stone_hoe":1,"minecraft:magenta_dye":1,"minecraft:oak_fence":24,"minecraft:cooked_rabbit":2,"minecraft:smoker":2,"minecraft:item_frame":7,"minecraft:oak_slab":258,"minecraft:deepslate":1,"minecraft:arrow":20,"minecraft:cooked_porkchop":57,"minecraft:crafting_table":10,"minecraft:spruce_planks":24,"minecraft:iron_helmet":3,"minecraft:wooden_pickaxe":2,"minecraft:baked_potato":51,"minecraft:copper_ingot":57,"minecraft:birch_planks":80,"minecraft:dispenser":3,"minecraft:stone_brick_stairs":1,"minecraft:spruce_trapdoor":4,"minecraft:book":1,"minecraft:paper":3,"minecraft:iron_chestplate":4,"minecraft:purple_dye":6,"minecraft:shield":7,"minecraft:stick":328,"minecraft:iron_ingot":350,"minecraft:iron_pickaxe":22,"minecraft:gold_ingot":4,"minecraft:light_gray_dye":1,"minecraft:deepslate_bricks":2,"minecraft:shears":1,"minecraft:purple_wool":6,"minecraft:redstone":18,"minecraft:raw_iron":18,"minecraft:smooth_stone_slab":34,"minecraft:iron_nugget":117,"minecraft:spyglass":2,"minecraft:furnace":9,"minecraft:stone_button":2,"minecraft:bone_meal":75,"minecraft:glass_pane":128,"minecraft:lantern":12,"minecraft:polished_deepslate":6,"minecraft:iron_axe":10,"minecraft:ladder":3,"minecraft:stone_pickaxe":10,"minecraft:redstone_block":37,"minecraft:observer":1,"minecraft:cooked_beef":14,"minecraft:red_dye":3,"minecraft:crimson_planks":184,"minecraft:enchanting_table":1,"minecraft:crimson_slab":48,"minecraft:bucket":5,"minecraft:stone_axe":8,"minecraft:glowstone":5,"minecraft:air":0,"minecraft:bread":2,"minecraft:blue_dye":3,"minecraft:crimson_stairs":24,"minecraft:oak_fence_gate":1,"minecraft:oak_boat":1,"minecraft:oak_stairs":16,"minecraft:wooden_axe":1,"minecraft:iron_shovel":6,"minecraft:iron_leggings":3,"minecraft:stonecutter":2,"minecraft:crimson_door":3,"minecraft:white_bed":2,"minecraft:torch":632},"minecraft:killed_by":{"minecraft:piglin_brute":3,"minecraft:creeper":1,"minecraft:magma_cube":1,"minecraft:blaze":1,"minecraft:zombie":1,"minecraft:skeleton":5},"minecraft:dropped":{"minecraft:iron_sword":2,"minecraft:lapis_lazuli":32,"minecraft:cooked_beef":4,"minecraft:warped_fungus":1,"minecraft:oak_log":151,"minecraft:baked_potato":6,"minecraft:cooked_porkchop":13,"minecraft:rail":8,"minecraft:emerald":2,"minecraft:dirt":5,"minecraft:crimson_roots":1,"minecraft:gold_nugget":4,"minecraft:gilded_blackstone":1,"minecraft:bone_block":1,"minecraft:iron_pickaxe":6,"minecraft:birch_log":5,"minecraft:white_wool":1,"minecraft:gold_ingot":13,"minecraft:bone":19,"minecraft:gravel":28,"minecraft:stone_axe":3,"minecraft:spyglass":1,"minecraft:golden_chestplate":1,"minecraft:cobbled_deepslate":462,"minecraft:pointed_dripstone":2,"minecraft:rotten_flesh":3,"minecraft:oak_planks":28,"minecraft:cooked_mutton":9,"minecraft:arrow":5,"minecraft:netherrack":128,"minecraft:crimson_planks":4,"minecraft:iron_ingot":21,"minecraft:bread":2,"minecraft:wheat_seeds":16,"minecraft:dripstone_block":10,"minecraft:netherite_axe":1,"minecraft:iron_helmet":4,"minecraft:cobblestone":60,"minecraft:apple":4,"minecraft:diorite":43,"minecraft:torch":28,"minecraft:nether_wart_block":1,"minecraft:potion":2,"minecraft:iron_leggings":2,"minecraft:iron_axe":3,"minecraft:iron_shovel":2,"minecraft:string":2,"minecraft:lily_pad":2,"minecraft:pink_tulip":1,"minecraft:stone_sword":1,"minecraft:raw_copper":38,"minecraft:tuff":45,"minecraft:iron_boots":5,"minecraft:stripped_oak_log":1,"minecraft:shears":1,"minecraft:shield":3,"minecraft:iron_chestplate":3,"minecraft:purple_bed":2,"minecraft:spider_eye":2,"minecraft:bow":2,"minecraft:stone_pickaxe":3,"minecraft:raw_gold":1},"minecraft:picked_up":{"minecraft:chiseled_deepslate":1,"minecraft:iron_chestplate":4,"minecraft:wheat":121,"minecraft:nether_brick_fence":5,"minecraft:lead":5,"minecraft:oak_stairs":1,"minecraft:potion":2,"minecraft:enchanted_book":1,"minecraft:gilded_blackstone":3,"minecraft:crimson_planks":9,"minecraft:amethyst_block":71,"minecraft:polished_deepslate":6,"minecraft:string":39,"minecraft:raw_copper":126,"minecraft:smooth_stone_slab":12,"minecraft:iron_leggings":4,"minecraft:shroomlight":4,"minecraft:cobbled_deepslate":1157,"minecraft:gold_nugget":70,"minecraft:smooth_stone":21,"minecraft:bucket":1,"minecraft:spruce_planks":5,"minecraft:white_tulip":1,"minecraft:red_dye":6,"minecraft:rose_bush":8,"minecraft:calcite":150,"minecraft:iron_pickaxe":25,"minecraft:melon_slice":39,"minecraft:furnace":13,"minecraft:iron_boots":5,"minecraft:stick":245,"minecraft:oak_fence":18,"minecraft:torch":261,"minecraft:porkchop":62,"minecraft:pointed_dripstone":37,"minecraft:diorite":51,"minecraft:golden_chestplate":2,"minecraft:quartz_block":3,"minecraft:stone_sword":4,"minecraft:rotten_flesh":47,"minecraft:blaze_rod":12,"minecraft:obsidian":20,"minecraft:cobblestone":2046,"minecraft:enchanting_table":1,"minecraft:birch_log":131,"minecraft:magma_block":16,"minecraft:cooked_beef":16,"minecraft:feather":12,"minecraft:lilac":1,"minecraft:water_bucket":4,"minecraft:andesite":10,"minecraft:smoker":3,"minecraft:potato":76,"minecraft:flint":11,"minecraft:tuff":254,"minecraft:lapis_lazuli":57,"minecraft:dirt":817,"minecraft:lantern":10,"minecraft:leather_boots":1,"minecraft:bone":72,"minecraft:bow":5,"minecraft:stonecutter":1,"minecraft:wheat_seeds":277,"minecraft:deepslate_brick_slab":26,"minecraft:raw_gold":30,"minecraft:glowstone_dust":326,"minecraft:oak_planks":294,"minecraft:cooked_porkchop":18,"minecraft:poisonous_potato":2,"minecraft:sand":293,"minecraft:crimson_door":3,"minecraft:grass_block":1,"minecraft:barrel":4,"minecraft:dispenser":1,"minecraft:sugar":1,"minecraft:diamond":28,"minecraft:cracked_polished_blackstone_bricks":76,"minecraft:crossbow":3,"minecraft:granite":34,"minecraft:grass":1,"minecraft:golden_apple":1,"minecraft:emerald":13,"minecraft:bread":4,"minecraft:oak_sapling":225,"minecraft:netherrack":621,"minecraft:crimson_roots":1,"minecraft:diamond_pickaxe":1,"minecraft:crafting_table":20,"minecraft:allium":34,"minecraft:chicken":9,"minecraft:ladder":3,"minecraft:wooden_pickaxe":1,"minecraft:gold_block":15,"minecraft:shield":15,"minecraft:cornflower":10,"minecraft:iron_axe":7,"minecraft:flint_and_steel":1,"minecraft:quartz_slab":3,"minecraft:iron_shovel":5,"minecraft:blackstone":109,"minecraft:beef":22,"minecraft:oak_boat":5,"minecraft:poppy":3,"minecraft:light_gray_wool":13,"minecraft:sugar_cane":52,"minecraft:chest":13,"minecraft:birch_sapling":9,"minecraft:egg":47,"minecraft:raw_iron":331,"minecraft:stone":19,"minecraft:fire_charge":7,"minecraft:polished_blackstone_bricks":63,"minecraft:carrot":34,"minecraft:redstone":149,"minecraft:arrow":60,"minecraft:weeping_vines":1,"minecraft:peony":2,"minecraft:nether_bricks":30,"minecraft:shears":1,"minecraft:deepslate_bricks":25,"minecraft:pink_tulip":4,"minecraft:gold_ingot":5,"minecraft:polished_blackstone":1,"minecraft:mutton":77,"minecraft:crimson_slab":4,"minecraft:bone_block":48,"minecraft:white_wool":64,"minecraft:oxeye_daisy":1,"minecraft:stripped_oak_log":4,"minecraft:birch_leaves":8,"minecraft:clock":1,"minecraft:basalt":389,"minecraft:glow_ink_sac":21,"minecraft:crimson_stem":126,"minecraft:leather":15,"minecraft:birch_planks":126,"minecraft:oak_log":1053,"minecraft:lily_pad":2,"minecraft:golden_boots":6,"minecraft:nether_wart_block":1,"minecraft:gunpowder":15,"minecraft:white_banner":2,"minecraft:cooked_mutton":47,"minecraft:apple":9,"minecraft:iron_ingot":58,"minecraft:stone_pickaxe":2,"minecraft:iron_sword":6,"minecraft:soul_sand":192,"minecraft:oak_slab":41,"minecraft:smooth_basalt":83,"minecraft:warped_fungus":1,"minecraft:pumpkin":24,"minecraft:quartz":306,"minecraft:dandelion":28,"minecraft:spyglass":1,"minecraft:dripstone_block":16,"minecraft:gravel":82,"minecraft:crimson_stairs":1,"minecraft:amethyst_shard":14,"minecraft:blast_furnace":3,"minecraft:white_bed":8,"minecraft:spruce_log":6,"minecraft:spider_eye":12,"minecraft:purple_bed":7,"minecraft:polished_diorite":32,"minecraft:stone_axe":4,"minecraft:iron_helmet":8,"minecraft:gray_wool":5,"minecraft:baked_potato":61,"minecraft:black_wool":1,"minecraft:coal":429,"minecraft:ender_pearl":8},"minecraft:used":{"minecraft:polished_blackstone":2,"minecraft:chiseled_deepslate":11,"minecraft:polished_deepslate":54,"minecraft:iron_shovel":841,"minecraft:dispenser":4,"minecraft:ladder":7,"minecraft:shield":219,"minecraft:chest":62,"minecraft:iron_sword":174,"minecraft:quartz_stairs":11,"minecraft:grass":1,"minecraft:rotten_flesh":14,"minecraft:iron_chestplate":1,"minecraft:carrot":12,"minecraft:deepslate_brick_slab":76,"minecraft:tuff":2,"minecraft:obsidian":10,"minecraft:milk_bucket":1,"minecraft:glass":15,"minecraft:quartz_slab":19,"minecraft:birch_sapling":2,"minecraft:lantern":13,"minecraft:quartz_block":1,"minecraft:stone_brick_stairs":4,"minecraft:item_frame":7,"minecraft:bow":28,"minecraft:oak_sapling":54,"minecraft:furnace":11,"minecraft:egg":33,"minecraft:potato":26,"minecraft:birch_leaves":6,"minecraft:oak_planks":507,"minecraft:stone_pickaxe":1032,"minecraft:blackstone":17,"minecraft:wooden_pickaxe":77,"minecraft:sugar_cane":2,"minecraft:golden_apple":1,"minecraft:sand":2,"minecraft:blast_furnace":3,"minecraft:shears":9,"minecraft:lever":2,"minecraft:melon_slice":2,"minecraft:bread":3,"minecraft:stone_button":2,"minecraft:deepslate":1,"minecraft:gravel":11,"minecraft:crimson_door":5,"minecraft:cooked_rabbit":1,"minecraft:smooth_stone_slab":52,"minecraft:oak_boat":5,"minecraft:bone_meal":78,"minecraft:oak_fence":15,"minecraft:enchanting_table":2,"minecraft:white_tulip":1,"minecraft:redstone":1,"minecraft:spruce_planks":3,"minecraft:stone_hoe":70,"minecraft:cooked_chicken":6,"minecraft:netherrack":236,"minecraft:torch":726,"minecraft:dirt":431,"minecraft:spyglass":12,"minecraft:hopper":3,"minecraft:oak_fence_gate":1,"minecraft:polished_diorite":32,"minecraft:birch_door":2,"minecraft:stone_brick_slab":12,"minecraft:wooden_axe":12,"minecraft:iron_axe":1389,"minecraft:oak_stairs":14,"minecraft:crimson_slab":42,"minecraft:crimson_planks":127,"minecraft:barrel":29,"minecraft:smooth_basalt":25,"minecraft:glowstone":4,"minecraft:basalt":125,"minecraft:cooked_beef":20,"minecraft:cobbled_deepslate":105,"minecraft:observer":1,"minecraft:calcite":76,"minecraft:cooked_mutton":68,"minecraft:wheat_seeds":115,"minecraft:water_bucket":44,"minecraft:pink_tulip":1,"minecraft:amethyst_block":10,"minecraft:birch_planks":31,"minecraft:baked_potato":40,"minecraft:stonecutter":3,"minecraft:deepslate_bricks":119,"minecraft:polished_blackstone_bricks":52,"minecraft:gilded_blackstone":1,"minecraft:oak_slab":206,"minecraft:crafting_table":29,"minecraft:white_bed":6,"minecraft:smoker":5,"minecraft:oak_log":193,"minecraft:diamond_pickaxe":67,"minecraft:apple":6,"minecraft:cracked_polished_blackstone_bricks":49,"minecraft:iron_pickaxe":4875,"minecraft:netherite_axe":2,"minecraft:spruce_trapdoor":4,"minecraft:stone_axe":439,"minecraft:purple_bed":7,"minecraft:cobblestone":176,"minecraft:crimson_stairs":25,"minecraft:white_banner":2,"minecraft:cooked_porkchop":37,"minecraft:bucket":50,"minecraft:glass_pane":128,"minecraft:smooth_stone":10},"minecraft:killed":{"minecraft:cave_spider":1,"minecraft:witch":1,"minecraft:spider":14,"minecraft:skeleton":38,"minecraft:chicken":9,"minecraft:silverfish":6,"minecraft:piglin_brute":5,"minecraft:magma_cube":39,"minecraft:piglin":5,"minecraft:pig":32,"minecraft:zombie_villager":1,"minecraft:creeper":2,"minecraft:sheep":48,"minecraft:trader_llama":2,"minecraft:pillager":14,"minecraft:zombie":44,"minecraft:ghast":3,"minecraft:blaze":20,"minecraft:cow":5,"minecraft:drowned":3,"minecraft:wandering_trader":1,"minecraft:wither_skeleton":5,"minecraft:enderman":7},"minecraft:broken":{"minecraft:iron_shovel":3,"minecraft:stone_pickaxe":7,"minecraft:stone_axe":4,"minecraft:wooden_pickaxe":1,"minecraft:shield":3,"minecraft:iron_axe":6,"minecraft:iron_pickaxe":19},"minecraft:mined":{"minecraft:spruce_planks":3,"minecraft:white_bed":5,"minecraft:oak_sapling":1,"minecraft:obsidian":22,"minecraft:granite":13,"minecraft:budding_amethyst":4,"minecraft:grass_block":312,"minecraft:cracked_polished_blackstone_bricks":50,"minecraft:deepslate_bricks":26,"minecraft:polished_diorite":32,"minecraft:oxeye_daisy":1,"minecraft:gilded_blackstone":1,"minecraft:smooth_stone":10,"minecraft:polished_blackstone_bricks":66,"minecraft:weeping_vines_plant":1,"minecraft:magma_block":9,"minecraft:glowstone":73,"minecraft:iron_ore":129,"minecraft:barrel":4,"minecraft:cobbled_deepslate":5,"minecraft:fire":86,"minecraft:pumpkin":6,"minecraft:deepslate_lapis_ore":2,"minecraft:enchanting_table":1,"minecraft:pointed_dripstone":10,"minecraft:quartz_slab":2,"minecraft:oak_stairs":1,"minecraft:deepslate_redstone_ore":23,"minecraft:quartz_block":1,"minecraft:blackstone":99,"minecraft:smoker":3,"minecraft:crimson_nylium":6,"minecraft:amethyst_cluster":3,"minecraft:torch":42,"minecraft:blast_furnace":3,"minecraft:calcite":115,"minecraft:poppy":3,"minecraft:melon":8,"minecraft:chest":12,"minecraft:mushroom_stem":3,"minecraft:glass":8,"minecraft:nether_quartz_ore":79,"minecraft:cobblestone":14,"minecraft:oak_planks":137,"minecraft:sugar_cane":26,"minecraft:crimson_stairs":1,"minecraft:wall_torch":26,"minecraft:amethyst_block":68,"minecraft:nether_wart_block":3,"minecraft:birch_log":126,"minecraft:wheat":93,"minecraft:smooth_stone_slab":9,"minecraft:grass":122,"minecraft:oak_log":655,"minecraft:sand":281,"minecraft:dirt":352,"minecraft:crimson_planks":12,"minecraft:smooth_basalt":56,"minecraft:dispenser":1,"minecraft:red_mushroom_block":11,"minecraft:stonecutter":1,"minecraft:netherrack":528,"minecraft:oak_leaves":220,"minecraft:deepslate":1336,"minecraft:nether_gold_ore":3,"minecraft:tuff":244,"minecraft:dark_oak_leaves":1,"minecraft:deepslate_diamond_ore":12,"minecraft:nether_bricks":25,"minecraft:allium":13,"minecraft:crimson_roots":2,"minecraft:spruce_leaves":1,"minecraft:crimson_stem":47,"minecraft:deepslate_brick_slab":23,"minecraft:furnace":9,"minecraft:carrots":13,"minecraft:andesite":5,"minecraft:chiseled_deepslate":1,"minecraft:peony":1,"minecraft:gold_block":15,"minecraft:nether_brick_fence":5,"minecraft:polished_deepslate":6,"minecraft:potatoes":22,"minecraft:shroomlight":4,"minecraft:deepslate_iron_ore":136,"minecraft:rail":1,"minecraft:lantern":8,"minecraft:crimson_door":1,"minecraft:stone":2004,"minecraft:white_tulip":1,"minecraft:bone_block":15,"minecraft:oak_slab":35,"minecraft:glass_pane":5,"minecraft:soul_sand":38,"minecraft:basalt":260,"minecraft:dandelion":12,"minecraft:oak_fence":8,"minecraft:crafting_table":19,"minecraft:cornflower":8,"minecraft:emerald_ore":4,"minecraft:crimson_slab":4,"minecraft:copper_ore":10,"minecraft:tall_grass":17,"minecraft:lapis_ore":4,"minecraft:deepslate_gold_ore":24,"minecraft:diorite":58,"minecraft:purple_bed":6,"minecraft:spruce_log":6,"minecraft:birch_leaves":41,"minecraft:white_wall_banner":1,"minecraft:coal_ore":251,"minecraft:gravel":50,"minecraft:dripstone_block":8,"minecraft:polished_blackstone":1,"minecraft:infested_stone":2},"minecraft:custom":{"minecraft:animals_bred":51,"minecraft:interact_with_crafting_table":201,"minecraft:open_barrel":42,"minecraft:leave_game":32,"minecraft:time_since_death":88855,"minecraft:sprint_one_cm":2884318,"minecraft:damage_blocked_by_shield":9230,"minecraft:drop":135,"minecraft:talked_to_villager":4,"minecraft:play_time":1151507,"minecraft:deaths":13,"minecraft:jump":17059,"minecraft:interact_with_brewingstand":1,"minecraft:walk_on_water_one_cm":91049,"minecraft:interact_with_furnace":115,"minecraft:sleep_in_bed":39,"minecraft:damage_dealt":42567,"minecraft:crouch_one_cm":76084,"minecraft:interact_with_smoker":106,"minecraft:inspect_dispenser":12,"minecraft:horse_one_cm":2883,"minecraft:mob_kills":314,"minecraft:climb_one_cm":26648,"minecraft:walk_one_cm":2498213,"minecraft:sneak_time":32958,"minecraft:walk_under_water_one_cm":20045,"minecraft:boat_one_cm":353094,"minecraft:interact_with_blast_furnace":49,"minecraft:total_world_time":1151507,"minecraft:interact_with_stonecutter":32,"minecraft:time_since_rest":22918,"minecraft:damage_taken":10650,"minecraft:swim_one_cm":76981,"minecraft:fly_one_cm":3600891,"minecraft:open_chest":732,"minecraft:fall_one_cm":384247}},"DataVersion":3465}