{"stats":{"minecraft:custom":{"minecraft:interact_with_furnace":27,"minecraft:mob_kills":35,"minecraft:interact_with_crafting_table":24,"minecraft:leave_game":5,"minecraft:time_since_death":14153,"minecraft:time_since_rest":14206,"minecraft:sprint_one_cm":235919,"minecraft:damage_taken":2076,"minecraft:walk_one_cm":142214,"minecraft:damage_blocked_by_shield":1170,"minecraft:drop":17,"minecraft:damage_dealt":4835,"minecraft:swim_one_cm":10904,"minecraft:fly_one_cm":183630,"minecraft:open_chest":17,"minecraft:play_time":83889,"minecraft:crouch_one_cm":2598,"minecraft:sneak_time":1485,"minecraft:deaths":6,"minecraft:walk_under_water_one_cm":6455,"minecraft:jump":1124,"minecraft:walk_on_water_one_cm":29096,"minecraft:total_world_time":83889,"minecraft:fall_one_cm":24031},"minecraft:killed":{"minecraft:pig":2,"minecraft:spider":2,"minecraft:skeleton":4,"minecraft:sheep":4,"minecraft:zombie":12,"minecraft:chicken":4,"minecraft:drowned":1,"minecraft:enderman":1,"minecraft:cow":3},"minecraft:broken":{"minecraft:stone_pickaxe":1,"minecraft:stone_axe":2,"minecraft:wooden_pickaxe":1},"minecraft:mined":{"minecraft:white_bed":1,"minecraft:crafting_table":8,"minecraft:torch":2,"minecraft:granite":3,"minecraft:grass_block":9,"minecraft:chest":1,"minecraft:sugar_cane":2,"minecraft:furnace":4,"minecraft:birch_log":45,"minecraft:iron_ore":4,"minecraft:cobbled_deepslate":1,"minecraft:birch_leaves":18,"minecraft:grass":7,"minecraft:coal_ore":12,"minecraft:oak_log":111,"minecraft:deepslate_iron_ore":1,"minecraft:sand":7,"minecraft:dirt":17,"minecraft:stone":81,"minecraft:oak_leaves":34},"minecraft:crafted":{"minecraft:cooked_beef":1,"minecraft:oak_planks":68,"minecraft:cooked_porkchop":3,"minecraft:crafting_table":3,"minecraft:cooked_chicken":1,"minecraft:wooden_pickaxe":2,"minecraft:iron_helmet":1,"minecraft:furnace":4,"minecraft:birch_planks":52,"minecraft:stone_axe":6,"minecraft:cooked_mutton":7,"minecraft:air":0,"minecraft:iron_boots":1,"minecraft:iron_chestplate":1,"minecraft:shield":2,"minecraft:stick":60,"minecraft:iron_ingot":21,"minecraft:iron_pickaxe":1,"minecraft:stone_pickaxe":3,"minecraft:wooden_axe":1,"minecraft:chest":1,"minecraft:white_bed":1,"minecraft:torch":20},"minecraft:dropped":{"minecraft:stone_axe":2,"minecraft:cooked_beef":4,"minecraft:oak_log":28,"minecraft:stone_sword":1,"minecraft:iron_helmet":3,"minecraft:iron_boots":2,"minecraft:shield":1,"minecraft:iron_chestplate":1,"minecraft:stone_pickaxe":2,"minecraft:iron_pickaxe":2,"minecraft:birch_log":5},"minecraft:killed_by":{"minecraft:skeleton":3,"minecraft:creeper":1,"minecraft:zombie":1},"minecraft:picked_up":{"minecraft:birch_log":50,"minecraft:crafting_table":9,"minecraft:feather":6,"minecraft:cooked_beef":5,"minecraft:chicken":4,"minecraft:leather":1,"minecraft:wooden_pickaxe":1,"minecraft:birch_planks":98,"minecraft:oak_log":371,"minecraft:shield":3,"minecraft:string":2,"minecraft:dirt":56,"minecraft:raw_copper":46,"minecraft:bone":6,"minecraft:apple":6,"minecraft:wheat_seeds":1,"minecraft:cobbled_deepslate":6,"minecraft:raw_gold":3,"minecraft:iron_ingot":7,"minecraft:beef":5,"minecraft:stone_pickaxe":1,"minecraft:iron_pickaxe":2,"minecraft:sugar_cane":15,"minecraft:chest":3,"minecraft:birch_sapling":6,"minecraft:oak_planks":86,"minecraft:furnace":8,"minecraft:iron_boots":1,"minecraft:egg":3,"minecraft:stick":117,"minecraft:raw_iron":8,"minecraft:oak_fence":4,"minecraft:torch":20,"minecraft:porkchop":3,"minecraft:sand":28,"minecraft:diorite":3,"minecraft:white_bed":1,"minecraft:redstone":10,"minecraft:stone_sword":2,"minecraft:arrow":12,"minecraft:rotten_flesh":6,"minecraft:diamond":8,"minecraft:stone_axe":2,"minecraft:iron_helmet":3,"minecraft:granite":7,"minecraft:oak_sapling":109,"minecraft:mutton":7,"minecraft:coal":31,"minecraft:white_wool":4,"minecraft:cobblestone":112},"minecraft:used":{"minecraft:cooked_mutton":3,"minecraft:birch_planks":31,"minecraft:stone_pickaxe":86,"minecraft:wooden_pickaxe":77,"minecraft:chest":2,"minecraft:shield":21,"minecraft:cooked_chicken":1,"minecraft:rotten_flesh":2,"minecraft:torch":23,"minecraft:dirt":2,"minecraft:crafting_table":10,"minecraft:white_bed":1,"minecraft:wooden_axe":12,"minecraft:apple":6,"minecraft:stone_axe":228,"minecraft:cobblestone":19,"minecraft:furnace":4,"minecraft:cooked_porkchop":2,"minecraft:egg":2,"minecraft:cooked_beef":2,"minecraft:cobbled_deepslate":5}},"DataVersion":3465}