{"stats":{"minecraft:custom":{"minecraft:animals_bred":167,"minecraft:interact_with_crafting_table":294,"minecraft:open_barrel":66,"minecraft:leave_game":53,"minecraft:time_since_death":421725,"minecraft:sprint_one_cm":4562422,"minecraft:damage_blocked_by_shield":14050,"minecraft:drop":216,"minecraft:talked_to_villager":368,"minecraft:play_time":1980392,"minecraft:deaths":32,"minecraft:jump":27498,"minecraft:interact_with_brewingstand":2,"minecraft:walk_on_water_one_cm":105180,"minecraft:enchant_item":20,"minecraft:interact_with_furnace":138,"minecraft:traded_with_villager":39,"minecraft:sleep_in_bed":58,"minecraft:damage_dealt":74875,"minecraft:player_kills":1,"minecraft:crouch_one_cm":256446,"minecraft:interact_with_smoker":128,"minecraft:inspect_dispenser":21,"minecraft:horse_one_cm":2883,"minecraft:interact_with_anvil":10,"minecraft:mob_kills":428,"minecraft:climb_one_cm":54146,"minecraft:walk_one_cm":4417627,"minecraft:sneak_time":74503,"minecraft:walk_under_water_one_cm":26991,"minecraft:boat_one_cm":454396,"minecraft:interact_with_blast_furnace":80,"minecraft:total_world_time":1980392,"minecraft:interact_with_stonecutter":87,"minecraft:interact_with_grindstone":19,"minecraft:time_since_rest":6031,"minecraft:damage_absorbed":40,"minecraft:damage_taken":20987,"minecraft:swim_one_cm":88857,"minecraft:fly_one_cm":5725811,"minecraft:open_chest":1372,"minecraft:fall_one_cm":620432},"minecraft:killed_by":{"minecraft:piglin_brute":3,"minecraft:creeper":1,"minecraft:magma_cube":1,"minecraft:blaze":1,"minecraft:zombie":1,"minecraft:warden":18,"minecraft:skeleton":5},"minecraft:broken":{"minecraft:iron_shovel":7,"minecraft:golden_shovel":8,"minecraft:stone_pickaxe":9,"minecraft:golden_sword":1,"minecraft:stone_axe":4,"minecraft:stone_hoe":1,"minecraft:wooden_pickaxe":1,"minecraft:shield":4,"minecraft:iron_axe":10,"minecraft:iron_pickaxe":26},"minecraft:used":{"minecraft:chiseled_deepslate":11,"minecraft:shield":311,"minecraft:polished_deepslate":57,"minecraft:polished_blackstone":2,"minecraft:iron_shovel":2046,"minecraft:dispenser":5,"minecraft:chest":67,"minecraft:ladder":7,"minecraft:iron_sword":327,"minecraft:quartz_stairs":25,"minecraft:grass":1,"minecraft:rotten_flesh":14,"minecraft:iron_chestplate":1,"minecraft:birch_pressure_plate":2,"minecraft:carrot":105,"minecraft:deepslate_tile_slab":127,"minecraft:deepslate_brick_slab":76,"minecraft:tuff":2,"minecraft:obsidian":20,"minecraft:milk_bucket":1,"minecraft:glass":41,"minecraft:quartz_pillar":48,"minecraft:quartz_slab":95,"minecraft:birch_sapling":2,"minecraft:lantern":17,"minecraft:quartz_block":3,"minecraft:iron_helmet":1,"minecraft:crimson_roots":1,"minecraft:stone_brick_stairs":176,"minecraft:golden_sword":32,"minecraft:birch_trapdoor":12,"minecraft:item_frame":14,"minecraft:birch_button":1,"minecraft:bow":28,"minecraft:oak_sapling":66,"minecraft:furnace":13,"minecraft:egg":83,"minecraft:potato":41,"minecraft:birch_leaves":6,"minecraft:oak_planks":508,"minecraft:stone_pickaxe":1370,"minecraft:powered_rail":2,"minecraft:blackstone":17,"minecraft:wooden_pickaxe":77,"minecraft:composter":2,"minecraft:sugar_cane":4,"minecraft:golden_apple":2,"minecraft:sand":2,"minecraft:blast_furnace":3,"minecraft:chiseled_quartz_block":23,"minecraft:shears":9,"minecraft:pumpkin_seeds":1,"minecraft:deepslate_tiles":20,"minecraft:redstone_torch":1,"minecraft:lever":2,"minecraft:stone_button":2,"minecraft:melon_slice":60,"minecraft:bread":3,"minecraft:lectern":185,"minecraft:deepslate":1,"minecraft:gravel":34,"minecraft:nether_wart_block":41,"minecraft:crimson_door":5,"minecraft:cooked_rabbit":1,"minecraft:andesite":2,"minecraft:grindstone":2,"minecraft:smooth_stone_slab":135,"minecraft:oak_boat":13,"minecraft:bone_meal":186,"minecraft:oak_fence":23,"minecraft:rose_bush":1,"minecraft:enchanting_table":2,"minecraft:white_tulip":1,"minecraft:flint_and_steel":3,"minecraft:redstone":1,"minecraft:spruce_planks":3,"minecraft:stone_hoe":170,"minecraft:cooked_chicken":8,"minecraft:netherrack":1046,"minecraft:torch":1044,"minecraft:brewing_stand":1,"minecraft:dirt":1383,"minecraft:spyglass":45,"minecraft:hopper":3,"minecraft:golden_shovel":260,"minecraft:oak_fence_gate":1,"minecraft:polished_diorite":32,"minecraft:birch_door":2,"minecraft:stone_brick_slab":12,"minecraft:wooden_axe":12,"minecraft:bookshelf":16,"minecraft:iron_axe":2259,"minecraft:oak_stairs":14,"minecraft:crimson_slab":42,"minecraft:crimson_planks":215,"minecraft:barrel":30,"minecraft:smooth_basalt":25,"minecraft:glowstone":22,"minecraft:basalt":125,"minecraft:deepslate_tile_stairs":8,"minecraft:cooked_beef":74,"minecraft:observer":1,"minecraft:cobbled_deepslate":161,"minecraft:calcite":76,"minecraft:cooked_mutton":73,"minecraft:quartz_bricks":59,"minecraft:wheat_seeds":298,"minecraft:water_bucket":53,"minecraft:pink_tulip":1,"minecraft:amethyst_block":10,"minecraft:birch_planks":54,"minecraft:baked_potato":76,"minecraft:birch_boat":20,"minecraft:fletching_table":1,"minecraft:stonecutter":7,"minecraft:deepslate_bricks":121,"minecraft:polished_blackstone_bricks":53,"minecraft:gilded_blackstone":1,"minecraft:rail":7,"minecraft:crafting_table":32,"minecraft:oak_slab":210,"minecraft:white_bed":18,"minecraft:smoker":5,"minecraft:diamond_pickaxe":827,"minecraft:oak_log":193,"minecraft:apple":7,"minecraft:cracked_polished_blackstone_bricks":49,"minecraft:iron_pickaxe":7826,"minecraft:netherite_axe":2,"minecraft:spruce_trapdoor":4,"minecraft:stone_axe":439,"minecraft:purple_bed":7,"minecraft:cobblestone":607,"minecraft:crimson_stairs":25,"minecraft:white_banner":2,"minecraft:cooked_porkchop":40,"minecraft:bucket":60,"minecraft:glass_pane":192,"minecraft:smooth_stone":45},"minecraft:mined":{"minecraft:spruce_planks":3,"minecraft:white_bed":13,"minecraft:oak_sapling":1,"minecraft:sculk_vein":5,"minecraft:brewing_stand":1,"minecraft:obsidian":24,"minecraft:granite":13,"minecraft:budding_amethyst":4,"minecraft:grass_block":1298,"minecraft:cracked_polished_blackstone_bricks":50,"minecraft:deepslate_bricks":35,"minecraft:soul_soil":2,"minecraft:polished_diorite":32,"minecraft:crimson_fungus":5,"minecraft:oxeye_daisy":1,"minecraft:gilded_blackstone":1,"minecraft:smooth_stone":68,"minecraft:polished_blackstone_bricks":67,"minecraft:weeping_vines_plant":12,"minecraft:magma_block":9,"minecraft:sculk_catalyst":1,"minecraft:glowstone":75,"minecraft:iron_ore":221,"minecraft:barrel":5,"minecraft:fire":89,"minecraft:cobbled_deepslate":28,"minecraft:pumpkin":22,"minecraft:deepslate_lapis_ore":17,"minecraft:enchanting_table":1,"minecraft:pointed_dripstone":10,"minecraft:oak_stairs":1,"minecraft:quartz_slab":15,"minecraft:deepslate_redstone_ore":40,"minecraft:quartz_block":2,"minecraft:blackstone":99,"minecraft:crimson_nylium":47,"minecraft:smoker":3,"minecraft:amethyst_cluster":3,"minecraft:deepslate_tile_slab":4,"minecraft:torch":50,"minecraft:chiseled_quartz_block":2,"minecraft:blast_furnace":3,"minecraft:calcite":115,"minecraft:poppy":3,"minecraft:melon":22,"minecraft:chest":13,"minecraft:mushroom_stem":3,"minecraft:glass":9,"minecraft:cobblestone":86,"minecraft:nether_quartz_ore":759,"minecraft:oak_planks":138,"minecraft:sugar_cane":90,"minecraft:grindstone":1,"minecraft:crimson_stairs":1,"minecraft:wall_torch":32,"minecraft:amethyst_block":68,"minecraft:nether_wart_block":47,"minecraft:birch_log":146,"minecraft:wheat":269,"minecraft:stone_brick_stairs":19,"minecraft:smooth_stone_slab":46,"minecraft:grass":203,"minecraft:oak_log":735,"minecraft:sand":281,"minecraft:dirt":840,"minecraft:crimson_planks":12,"minecraft:smooth_basalt":56,"minecraft:dispenser":1,"minecraft:red_mushroom_block":11,"minecraft:stonecutter":5,"minecraft:netherrack":2338,"minecraft:stripped_crimson_stem":1,"minecraft:deepslate":1729,"minecraft:oak_leaves":237,"minecraft:attached_pumpkin_stem":1,"minecraft:nether_gold_ore":6,"minecraft:deepslate_tiles":8,"minecraft:tuff":273,"minecraft:dark_oak_leaves":1,"minecraft:deepslate_diamond_ore":26,"minecraft:nether_bricks":25,"minecraft:allium":13,"minecraft:crimson_roots":17,"minecraft:weeping_vines":8,"minecraft:spruce_leaves":1,"minecraft:crimson_stem":220,"minecraft:hay_block":18,"minecraft:deepslate_brick_slab":23,"minecraft:furnace":10,"minecraft:carrots":57,"minecraft:andesite":10,"minecraft:chiseled_deepslate":1,"minecraft:peony":1,"minecraft:gold_block":15,"minecraft:nether_brick_fence":5,"minecraft:polished_deepslate":6,"minecraft:potatoes":37,"minecraft:shroomlight":4,"minecraft:deepslate_iron_ore":185,"minecraft:rail":3,"minecraft:lantern":8,"minecraft:crimson_door":1,"minecraft:packed_ice":2,"minecraft:white_tulip":1,"minecraft:stone":2428,"minecraft:bone_block":15,"minecraft:oak_slab":37,"minecraft:glass_pane":12,"minecraft:soul_sand":41,"minecraft:basalt":261,"minecraft:dandelion":25,"minecraft:oak_fence":14,"minecraft:crafting_table":24,"minecraft:cornflower":9,"minecraft:emerald_ore":4,"minecraft:crimson_slab":4,"minecraft:rose_bush":1,"minecraft:sculk_sensor":2,"minecraft:lectern":186,"minecraft:copper_ore":10,"minecraft:tall_grass":21,"minecraft:quartz_bricks":5,"minecraft:lapis_ore":5,"minecraft:deepslate_gold_ore":32,"minecraft:sculk":12,"minecraft:diorite":64,"minecraft:purple_bed":6,"minecraft:birch_planks":6,"minecraft:spruce_log":6,"minecraft:birch_leaves":42,"minecraft:quartz_pillar":16,"minecraft:white_wall_banner":1,"minecraft:coal_ore":350,"minecraft:gravel":86,"minecraft:dripstone_block":8,"minecraft:polished_blackstone":1,"minecraft:gold_ore":6,"minecraft:infested_stone":2},"minecraft:crafted":{"minecraft:grindstone":1,"minecraft:smooth_stone":150,"minecraft:oak_planks":1980,"minecraft:barrel":30,"minecraft:purple_bed":2,"minecraft:oak_pressure_plate":4,"minecraft:birch_boat":2,"minecraft:cooked_chicken":8,"minecraft:stone":325,"minecraft:lever":2,"minecraft:bookshelf":16,"minecraft:cooked_mutton":97,"minecraft:quartz_block":172,"minecraft:glass":67,"minecraft:hopper":3,"minecraft:bow":4,"minecraft:iron_boots":8,"minecraft:melon_seeds":1,"minecraft:polished_blackstone":4,"minecraft:chest":58,"minecraft:birch_door":3,"minecraft:birch_button":1,"minecraft:stone_hoe":2,"minecraft:magenta_dye":1,"minecraft:oak_fence":24,"minecraft:cooked_rabbit":2,"minecraft:golden_sword":1,"minecraft:golden_boots":1,"minecraft:smoker":2,"minecraft:item_frame":14,"minecraft:oak_slab":258,"minecraft:deepslate":1,"minecraft:arrow":20,"minecraft:emerald":36,"minecraft:cooked_porkchop":60,"minecraft:crafting_table":11,"minecraft:spruce_planks":24,"minecraft:iron_helmet":5,"minecraft:wooden_pickaxe":2,"minecraft:baked_potato":68,"minecraft:birch_pressure_plate":2,"minecraft:copper_ingot":57,"minecraft:birch_planks":392,"minecraft:pumpkin_seeds":4,"minecraft:dispenser":4,"minecraft:stone_brick_stairs":1,"minecraft:spruce_trapdoor":4,"minecraft:iron_chestplate":6,"minecraft:book":49,"minecraft:paper":150,"minecraft:diamond_pickaxe":2,"minecraft:purple_dye":6,"minecraft:shield":11,"minecraft:stick":1664,"minecraft:iron_ingot":592,"minecraft:iron_pickaxe":33,"minecraft:gold_ingot":4,"minecraft:light_gray_dye":1,"minecraft:redstone_torch":1,"minecraft:composter":2,"minecraft:deepslate_bricks":2,"minecraft:shears":1,"minecraft:purple_wool":6,"minecraft:raw_iron":18,"minecraft:redstone":18,"minecraft:smooth_stone_slab":34,"minecraft:iron_nugget":117,"minecraft:spyglass":2,"minecraft:furnace":10,"minecraft:stone_button":2,"minecraft:bone_meal":183,"minecraft:glass_pane":192,"minecraft:lantern":12,"minecraft:polished_deepslate":6,"minecraft:iron_axe":19,"minecraft:ladder":3,"minecraft:stone_pickaxe":19,"minecraft:redstone_block":37,"minecraft:wheat":81,"minecraft:minecart":1,"minecraft:observer":1,"minecraft:cooked_beef":23,"minecraft:red_dye":3,"minecraft:crimson_planks":272,"minecraft:enchanting_table":1,"minecraft:crimson_slab":48,"minecraft:iron_sword":4,"minecraft:golden_shovel":8,"minecraft:bucket":6,"minecraft:stone_axe":8,"minecraft:glowstone":22,"minecraft:enchanted_book":1,"minecraft:air":0,"minecraft:bread":2,"minecraft:blue_dye":3,"minecraft:oak_boat":1,"minecraft:crimson_stairs":24,"minecraft:oak_fence_gate":1,"minecraft:oak_stairs":16,"minecraft:wooden_axe":1,"minecraft:birch_trapdoor":12,"minecraft:iron_shovel":12,"minecraft:iron_leggings":5,"minecraft:stonecutter":2,"minecraft:crimson_door":3,"minecraft:white_bed":6,"minecraft:torch":932,"minecraft:lapis_block":24},"minecraft:dropped":{"minecraft:iron_sword":3,"minecraft:lapis_lazuli":32,"minecraft:cooked_beef":4,"minecraft:warped_fungus":1,"minecraft:oak_log":151,"minecraft:baked_potato":6,"minecraft:cooked_porkchop":13,"minecraft:weeping_vines":3,"minecraft:rail":8,"minecraft:emerald":2,"minecraft:dirt":5,"minecraft:crimson_roots":2,"minecraft:gold_nugget":4,"minecraft:gilded_blackstone":1,"minecraft:bone_block":1,"minecraft:iron_pickaxe":9,"minecraft:birch_log":5,"minecraft:white_wool":1,"minecraft:gold_ingot":13,"minecraft:bone":41,"minecraft:gravel":28,"minecraft:stone_axe":3,"minecraft:spyglass":2,"minecraft:golden_chestplate":1,"minecraft:cobbled_deepslate":463,"minecraft:pointed_dripstone":2,"minecraft:rotten_flesh":4,"minecraft:oak_planks":28,"minecraft:cooked_mutton":9,"minecraft:salmon":2,"minecraft:carrot":122,"minecraft:arrow":5,"minecraft:netherrack":129,"minecraft:lectern":1,"minecraft:egg":16,"minecraft:crimson_planks":4,"minecraft:iron_ingot":21,"minecraft:bread":2,"minecraft:wheat_seeds":21,"minecraft:dripstone_block":10,"minecraft:netherite_axe":1,"minecraft:iron_helmet":5,"minecraft:cobblestone":60,"minecraft:apple":4,"minecraft:diorite":43,"minecraft:torch":28,"minecraft:nether_wart_block":2,"minecraft:potion":2,"minecraft:iron_leggings":3,"minecraft:iron_axe":3,"minecraft:iron_shovel":2,"minecraft:paper":1,"minecraft:string":2,"minecraft:lily_pad":2,"minecraft:pink_tulip":1,"minecraft:stone_sword":1,"minecraft:raw_copper":38,"minecraft:tuff":45,"minecraft:iron_boots":8,"minecraft:stripped_oak_log":1,"minecraft:shears":1,"minecraft:stone":11,"minecraft:shield":5,"minecraft:iron_chestplate":4,"minecraft:purple_bed":2,"minecraft:spider_eye":2,"minecraft:bow":2,"minecraft:stone_pickaxe":5,"minecraft:raw_gold":1},"minecraft:killed":{"minecraft:cave_spider":1,"minecraft:witch":1,"minecraft:spider":21,"minecraft:skeleton":61,"minecraft:chicken":12,"minecraft:silverfish":6,"minecraft:piglin_brute":5,"minecraft:magma_cube":65,"minecraft:piglin":5,"minecraft:pig":32,"minecraft:zombie_villager":2,"minecraft:salmon":2,"minecraft:creeper":5,"minecraft:sheep":48,"minecraft:trader_llama":4,"minecraft:pillager":14,"minecraft:zombie":67,"minecraft:ghast":3,"minecraft:blaze":20,"minecraft:cow":5,"minecraft:phantom":1,"minecraft:drowned":3,"minecraft:warden":1,"minecraft:wandering_trader":1,"minecraft:hoglin":19,"minecraft:wither_skeleton":5,"minecraft:enderman":9},"minecraft:picked_up":{"minecraft:chiseled_deepslate":1,"minecraft:iron_chestplate":7,"minecraft:wheat":288,"minecraft:nether_brick_fence":5,"minecraft:lead":7,"minecraft:oak_stairs":1,"minecraft:enchanted_book":1,"minecraft:potion":2,"minecraft:gilded_blackstone":3,"minecraft:stone_brick_stairs":19,"minecraft:crimson_planks":9,"minecraft:brewing_stand":1,"minecraft:golden_sword":2,"minecraft:amethyst_block":71,"minecraft:polished_deepslate":6,"minecraft:string":44,"minecraft:soul_soil":2,"minecraft:raw_copper":126,"minecraft:smooth_stone_slab":51,"minecraft:iron_leggings":7,"minecraft:shroomlight":4,"minecraft:deepslate_tiles":8,"minecraft:smooth_stone":78,"minecraft:gold_nugget":86,"minecraft:cobbled_deepslate":1589,"minecraft:bucket":1,"minecraft:spruce_planks":5,"minecraft:red_dye":6,"minecraft:white_tulip":1,"minecraft:rose_bush":9,"minecraft:calcite":150,"minecraft:iron_pickaxe":34,"minecraft:melon_slice":112,"minecraft:iron_boots":9,"minecraft:furnace":14,"minecraft:stick":250,"minecraft:oak_fence":24,"minecraft:torch":302,"minecraft:porkchop":115,"minecraft:pointed_dripstone":37,"minecraft:diorite":58,"minecraft:golden_chestplate":2,"minecraft:quartz_block":4,"minecraft:stone_sword":4,"minecraft:rotten_flesh":79,"minecraft:blaze_rod":12,"minecraft:obsidian":23,"minecraft:cobblestone":2545,"minecraft:birch_log":151,"minecraft:enchanting_table":1,"minecraft:magma_block":16,"minecraft:lilac":1,"minecraft:feather":14,"minecraft:cooked_beef":19,"minecraft:magma_cream":2,"minecraft:water_bucket":5,"minecraft:andesite":16,"minecraft:potato":128,"minecraft:chiseled_quartz_block":2,"minecraft:smoker":3,"minecraft:flint":22,"minecraft:tuff":327,"minecraft:lapis_lazuli":273,"minecraft:dirt":2296,"minecraft:lantern":10,"minecraft:leather_boots":1,"minecraft:bone":90,"minecraft:stonecutter":5,"minecraft:bow":6,"minecraft:wheat_seeds":756,"minecraft:deepslate_brick_slab":26,"minecraft:raw_gold":56,"minecraft:grindstone":1,"minecraft:fletching_table":1,"minecraft:glowstone_dust":332,"minecraft:oak_planks":295,"minecraft:cooked_porkchop":24,"minecraft:poisonous_potato":3,"minecraft:stripped_crimson_stem":1,"minecraft:sand":293,"minecraft:crimson_door":3,"minecraft:grass_block":1,"minecraft:barrel":5,"minecraft:quartz_bricks":5,"minecraft:dispenser":1,"minecraft:sugar":1,"minecraft:diamond":50,"minecraft:cracked_polished_blackstone_bricks":76,"minecraft:crossbow":3,"minecraft:granite":34,"minecraft:grass":1,"minecraft:golden_apple":2,"minecraft:emerald":13,"minecraft:bread":4,"minecraft:oak_sapling":237,"minecraft:netherrack":2401,"minecraft:crimson_roots":21,"minecraft:diamond_pickaxe":2,"minecraft:crafting_table":25,"minecraft:allium":34,"minecraft:chicken":11,"minecraft:ladder":3,"minecraft:wooden_pickaxe":1,"minecraft:gold_block":15,"minecraft:shield":18,"minecraft:cornflower":16,"minecraft:iron_axe":10,"minecraft:flint_and_steel":1,"minecraft:quartz_slab":17,"minecraft:iron_shovel":8,"minecraft:blackstone":109,"minecraft:beef":22,"minecraft:oak_boat":12,"minecraft:poppy":6,"minecraft:light_gray_wool":13,"minecraft:lectern":186,"minecraft:minecart":8,"minecraft:sugar_cane":141,"minecraft:chest":14,"minecraft:birch_sapling":9,"minecraft:phantom_membrane":1,"minecraft:egg":123,"minecraft:raw_iron":571,"minecraft:stone":19,"minecraft:fire_charge":7,"minecraft:polished_blackstone_bricks":64,"minecraft:quartz_pillar":16,"minecraft:carrot":237,"minecraft:redstone":232,"minecraft:arrow":86,"minecraft:weeping_vines":11,"minecraft:peony":2,"minecraft:nether_bricks":30,"minecraft:shears":1,"minecraft:deepslate_bricks":34,"minecraft:hay_block":19,"minecraft:pink_tulip":4,"minecraft:gold_ingot":5,"minecraft:polished_blackstone":1,"minecraft:mutton":77,"minecraft:white_wool":64,"minecraft:bone_block":48,"minecraft:rail":2,"minecraft:crimson_slab":4,"minecraft:oxeye_daisy":1,"minecraft:stripped_oak_log":4,"minecraft:birch_leaves":8,"minecraft:clock":1,"minecraft:basalt":390,"minecraft:glow_ink_sac":21,"minecraft:crimson_stem":296,"minecraft:salmon":2,"minecraft:leather":26,"minecraft:birch_planks":152,"minecraft:crimson_fungus":4,"minecraft:oak_log":1133,"minecraft:lily_pad":2,"minecraft:golden_boots":6,"minecraft:nether_wart_block":44,"minecraft:gunpowder":16,"minecraft:wooden_hoe":2,"minecraft:deepslate_tile_slab":3,"minecraft:paper":1,"minecraft:white_banner":2,"minecraft:cooked_mutton":47,"minecraft:apple":12,"minecraft:iron_ingot":60,"minecraft:stone_pickaxe":19,"minecraft:iron_sword":14,"minecraft:soul_sand":195,"minecraft:book":1,"minecraft:sculk_catalyst":1,"minecraft:oak_slab":42,"minecraft:smooth_basalt":83,"minecraft:warped_fungus":1,"minecraft:birch_boat":20,"minecraft:pumpkin":40,"minecraft:quartz":987,"minecraft:dandelion":71,"minecraft:spyglass":2,"minecraft:dripstone_block":16,"minecraft:gravel":133,"minecraft:crimson_stairs":1,"minecraft:amethyst_shard":14,"minecraft:blast_furnace":3,"minecraft:white_bed":16,"minecraft:spruce_log":6,"minecraft:spider_eye":14,"minecraft:purple_bed":7,"minecraft:polished_diorite":32,"minecraft:stone_axe":4,"minecraft:chainmail_leggings":1,"minecraft:iron_helmet":11,"minecraft:gray_wool":5,"minecraft:baked_potato":65,"minecraft:black_wool":1,"minecraft:coal":601,"minecraft:ender_pearl":8}},"DataVersion":3465}