{"stats":{"minecraft:crafted":{"minecraft:oak_planks":24,"minecraft:crafting_table":1,"minecraft:stick":40,"minecraft:wooden_pickaxe":1,"minecraft:birch_planks":52,"minecraft:stone_axe":1},"minecraft:picked_up":{"minecraft:birch_log":13,"minecraft:stick":2,"minecraft:sand":6,"minecraft:oak_log":6,"minecraft:dirt":15,"minecraft:beef":1,"minecraft:granite":3,"minecraft:oak_sapling":3,"minecraft:sugar_cane":5,"minecraft:birch_sapling":2,"minecraft:coal":12,"minecraft:cobblestone":30},"minecraft:used":{"minecraft:wooden_pickaxe":46,"minecraft:stone_axe":3,"minecraft:crafting_table":1},"minecraft:killed":{"minecraft:zombie":1,"minecraft:cow":1},"minecraft:mined":{"minecraft:birch_log":13,"minecraft:birch_leaves":2,"minecraft:granite":3,"minecraft:coal_ore":12,"minecraft:grass_block":5,"minecraft:oak_log":6,"minecraft:dirt":10,"minecraft:sand":6,"minecraft:stone":30,"minecraft:sugar_cane":2,"minecraft:oak_leaves":1},"minecraft:custom":{"minecraft:time_since_rest":16828,"minecraft:sprint_one_cm":25952,"minecraft:damage_taken":240,"minecraft:walk_one_cm":17136,"minecraft:mob_kills":2,"minecraft:damage_dealt":229,"minecraft:interact_with_crafting_table":2,"minecraft:fly_one_cm":22826,"minecraft:play_time":16828,"minecraft:sneak_time":1,"minecraft:jump":131,"minecraft:leave_game":2,"minecraft:time_since_death":16828,"minecraft:total_world_time":16828,"minecraft:fall_one_cm":2719}},"DataVersion":3465}