{"stats":{"minecraft:custom":{"minecraft:mob_kills":75,"minecraft:interact_with_crafting_table":29,"minecraft:leave_game":6,"minecraft:time_since_death":44208,"minecraft:climb_one_cm":1146,"minecraft:sprint_one_cm":534923,"minecraft:walk_one_cm":237447,"minecraft:damage_blocked_by_shield":1900,"minecraft:drop":19,"minecraft:talked_to_villager":1,"minecraft:play_time":138419,"minecraft:deaths":7,"minecraft:sneak_time":1528,"minecraft:walk_under_water_one_cm":8676,"minecraft:boat_one_cm":52599,"minecraft:jump":2630,"minecraft:interact_with_brewingstand":1,"minecraft:walk_on_water_one_cm":39624,"minecraft:total_world_time":138419,"minecraft:interact_with_furnace":32,"minecraft:sleep_in_bed":5,"minecraft:time_since_rest":4326,"minecraft:damage_taken":2796,"minecraft:damage_dealt":9372,"minecraft:swim_one_cm":51790,"minecraft:fly_one_cm":524842,"minecraft:open_chest":19,"minecraft:crouch_one_cm":2633,"minecraft:interact_with_smoker":6,"minecraft:fall_one_cm":61946},"minecraft:killed":{"minecraft:spider":2,"minecraft:skeleton":4,"minecraft:chicken":4,"minecraft:drowned":3,"minecraft:pig":24,"minecraft:sheep":14,"minecraft:zombie":17,"minecraft:enderman":1,"minecraft:cow":4},"minecraft:broken":{"minecraft:wooden_pickaxe":1,"minecraft:stone_pickaxe":1,"minecraft:stone_axe":2},"minecraft:mined":{"minecraft:white_bed":4,"minecraft:granite":3,"minecraft:allium":11,"minecraft:grass_block":11,"minecraft:oxeye_daisy":1,"minecraft:furnace":5,"minecraft:iron_ore":4,"minecraft:cobbled_deepslate":1,"minecraft:peony":1,"minecraft:deepslate_iron_ore":1,"minecraft:stone":81,"minecraft:white_tulip":1,"minecraft:smoker":1,"minecraft:crafting_table":12,"minecraft:cornflower":3,"minecraft:torch":2,"minecraft:poppy":3,"minecraft:chest":1,"minecraft:cobblestone":4,"minecraft:sugar_cane":2,"minecraft:purple_bed":1,"minecraft:birch_log":45,"minecraft:birch_leaves":18,"minecraft:grass":9,"minecraft:oak_log":111,"minecraft:coal_ore":12,"minecraft:sand":7,"minecraft:dirt":22,"minecraft:oak_leaves":44},"minecraft:crafted":{"minecraft:purple_wool":6,"minecraft:oak_planks":68,"minecraft:purple_bed":2,"minecraft:cooked_chicken":1,"minecraft:furnace":4,"minecraft:cooked_mutton":10,"minecraft:iron_boots":1,"minecraft:stone_pickaxe":3,"minecraft:chest":1,"minecraft:magenta_dye":1,"minecraft:smoker":1,"minecraft:cooked_beef":4,"minecraft:red_dye":3,"minecraft:cooked_porkchop":19,"minecraft:crafting_table":3,"minecraft:wooden_pickaxe":2,"minecraft:iron_helmet":1,"minecraft:birch_planks":52,"minecraft:stone_axe":6,"minecraft:air":0,"minecraft:blue_dye":3,"minecraft:oak_boat":1,"minecraft:iron_chestplate":1,"minecraft:purple_dye":6,"minecraft:shield":2,"minecraft:stick":60,"minecraft:iron_ingot":21,"minecraft:iron_pickaxe":1,"minecraft:wooden_axe":1,"minecraft:light_gray_dye":1,"minecraft:white_bed":2,"minecraft:torch":20},"minecraft:dropped":{"minecraft:cooked_beef":4,"minecraft:oak_log":28,"minecraft:cooked_porkchop":8,"minecraft:iron_helmet":3,"minecraft:iron_pickaxe":2,"minecraft:birch_log":5,"minecraft:stone_axe":2,"minecraft:stone_sword":1,"minecraft:iron_boots":2,"minecraft:shield":1,"minecraft:iron_chestplate":1,"minecraft:purple_bed":1,"minecraft:stone_pickaxe":2},"minecraft:killed_by":{"minecraft:creeper":1,"minecraft:skeleton":4,"minecraft:zombie":1},"minecraft:picked_up":{"minecraft:crafting_table":13,"minecraft:allium":22,"minecraft:chicken":4,"minecraft:wooden_pickaxe":1,"minecraft:shield":4,"minecraft:cornflower":3,"minecraft:string":2,"minecraft:raw_copper":46,"minecraft:cobbled_deepslate":6,"minecraft:beef":11,"minecraft:white_tulip":1,"minecraft:oak_boat":1,"minecraft:rose_bush":8,"minecraft:poppy":3,"minecraft:iron_pickaxe":2,"minecraft:sugar_cane":15,"minecraft:chest":3,"minecraft:birch_sapling":7,"minecraft:egg":3,"minecraft:iron_boots":1,"minecraft:furnace":9,"minecraft:raw_iron":8,"minecraft:stick":120,"minecraft:oak_fence":4,"minecraft:torch":20,"minecraft:porkchop":47,"minecraft:diorite":3,"minecraft:redstone":20,"minecraft:stone_sword":2,"minecraft:arrow":12,"minecraft:rotten_flesh":26,"minecraft:peony":2,"minecraft:pink_tulip":3,"minecraft:mutton":23,"minecraft:cobblestone":120,"minecraft:white_wool":17,"minecraft:oxeye_daisy":1,"minecraft:birch_log":50,"minecraft:cooked_beef":5,"minecraft:feather":8,"minecraft:lilac":1,"minecraft:leather":1,"minecraft:smoker":1,"minecraft:birch_planks":98,"minecraft:oak_log":371,"minecraft:dirt":68,"minecraft:bone":6,"minecraft:apple":6,"minecraft:wheat_seeds":1,"minecraft:raw_gold":6,"minecraft:stone_pickaxe":2,"minecraft:iron_ingot":8,"minecraft:oak_planks":102,"minecraft:cooked_porkchop":12,"minecraft:sand":28,"minecraft:white_bed":5,"minecraft:purple_bed":1,"minecraft:diamond":12,"minecraft:stone_axe":3,"minecraft:iron_helmet":3,"minecraft:granite":7,"minecraft:oak_sapling":166,"minecraft:coal":31},"minecraft:used":{"minecraft:white_tulip":1,"minecraft:chest":2,"minecraft:shield":47,"minecraft:cooked_chicken":1,"minecraft:rotten_flesh":2,"minecraft:torch":23,"minecraft:dirt":10,"minecraft:wooden_axe":12,"minecraft:furnace":5,"minecraft:egg":2,"minecraft:cooked_beef":5,"minecraft:cobbled_deepslate":5,"minecraft:cooked_mutton":10,"minecraft:birch_planks":31,"minecraft:stone_pickaxe":94,"minecraft:wooden_pickaxe":77,"minecraft:crafting_table":14,"minecraft:white_bed":5,"minecraft:smoker":1,"minecraft:apple":6,"minecraft:stone_axe":299,"minecraft:cobblestone":26,"minecraft:purple_bed":1,"minecraft:cooked_porkchop":5,"minecraft:oak_boat":1}},"DataVersion":3465}