{"stats":{"minecraft:custom":{"minecraft:interact_with_crafting_table":352,"minecraft:open_barrel":77,"minecraft:eat_cake_slice":6,"minecraft:leave_game":58,"minecraft:time_since_death":1011743,"minecraft:damage_blocked_by_shield":16990,"minecraft:play_time":2570410,"minecraft:deaths":32,"minecraft:jump":35444,"minecraft:enchant_item":35,"minecraft:interact_with_furnace":160,"minecraft:play_record":1,"minecraft:traded_with_villager":278,"minecraft:sleep_in_bed":72,"minecraft:damage_dealt":87123,"minecraft:interact_with_smoker":131,"minecraft:use_cauldron":3,"minecraft:inspect_dispenser":23,"minecraft:horse_one_cm":2883,"minecraft:interact_with_smithing_table":2,"minecraft:interact_with_anvil":16,"minecraft:inspect_hopper":1,"minecraft:sneak_time":102189,"minecraft:interact_with_blast_furnace":105,"minecraft:total_world_time":2570410,"minecraft:tune_noteblock":98,"minecraft:interact_with_stonecutter":106,"minecraft:time_since_rest":14784,"minecraft:swim_one_cm":141681,"minecraft:fly_one_cm":8930964,"minecraft:open_chest":1861,"minecraft:fall_one_cm":754739,"minecraft:animals_bred":177,"minecraft:sprint_one_cm":5944436,"minecraft:drop":262,"minecraft:talked_to_villager":470,"minecraft:interact_with_brewingstand":2,"minecraft:walk_on_water_one_cm":143162,"minecraft:player_kills":1,"minecraft:crouch_one_cm":356589,"minecraft:mob_kills":764,"minecraft:fill_cauldron":3,"minecraft:climb_one_cm":103414,"minecraft:walk_one_cm":5583440,"minecraft:walk_under_water_one_cm":44962,"minecraft:boat_one_cm":463505,"minecraft:interact_with_grindstone":26,"minecraft:damage_taken":24062,"minecraft:damage_absorbed":40},"minecraft:broken":{"minecraft:golden_sword":1,"minecraft:iron_sword":1,"minecraft:stone_hoe":1,"minecraft:wooden_pickaxe":1,"minecraft:shield":5,"minecraft:iron_axe":14,"minecraft:iron_pickaxe":26,"minecraft:iron_shovel":7,"minecraft:golden_shovel":8,"minecraft:stone_pickaxe":9,"minecraft:stone_axe":4},"minecraft:killed_by":{"minecraft:piglin_brute":3,"minecraft:magma_cube":1,"minecraft:zombie":1,"minecraft:warden":18,"minecraft:creeper":1,"minecraft:blaze":1,"minecraft:skeleton":5},"minecraft:used":{"minecraft:nether_brick_fence":6,"minecraft:chiseled_deepslate":11,"minecraft:dispenser":5,"minecraft:polished_blackstone":2,"minecraft:ladder":69,"minecraft:chest":75,"minecraft:stone":25,"minecraft:quartz_stairs":25,"minecraft:rotten_flesh":14,"minecraft:soul_sand":22,"minecraft:deepslate_brick_slab":76,"minecraft:quartz_pillar":48,"minecraft:birch_sapling":2,"minecraft:quartz_block":3,"minecraft:stone_brick_stairs":176,"minecraft:bow":32,"minecraft:furnace":13,"minecraft:oak_sapling":112,"minecraft:egg":134,"minecraft:potato":41,"minecraft:powered_rail":2,"minecraft:blackstone":17,"minecraft:wooden_pickaxe":77,"minecraft:composter":2,"minecraft:golden_apple":2,"minecraft:sand":2,"minecraft:blast_furnace":3,"minecraft:chiseled_quartz_block":23,"minecraft:pumpkin_seeds":1,"minecraft:crimson_fence_gate":1,"minecraft:deepslate_tiles":23,"minecraft:stone_button":2,"minecraft:lectern":185,"minecraft:soul_lantern":9,"minecraft:nether_wart_block":44,"minecraft:oak_boat":13,"minecraft:enchanting_table":2,"minecraft:netherrack":2150,"minecraft:torch":1235,"minecraft:brewing_stand":9,"minecraft:twisting_vines":6,"minecraft:nether_brick_slab":34,"minecraft:golden_shovel":260,"minecraft:oak_fence_gate":1,"minecraft:polished_diorite":32,"minecraft:shroomlight":5,"minecraft:iron_axe":3176,"minecraft:barrel":30,"minecraft:smooth_basalt":25,"minecraft:basalt":125,"minecraft:glowstone":47,"minecraft:warped_stairs":12,"minecraft:cobbled_deepslate":180,"minecraft:observer":1,"minecraft:calcite":76,"minecraft:wheat_seeds":298,"minecraft:water_bucket":73,"minecraft:warped_stem":10,"minecraft:nether_brick_wall":19,"minecraft:birch_planks":54,"minecraft:cauldron":5,"minecraft:fletching_table":1,"minecraft:deepslate_bricks":138,"minecraft:polished_blackstone_bricks":53,"minecraft:gilded_blackstone":1,"minecraft:rail":7,"minecraft:oak_slab":210,"minecraft:crafting_table":36,"minecraft:crimson_trapdoor":1,"minecraft:birch_sign":4,"minecraft:white_bed":18,"minecraft:cake":1,"minecraft:oak_log":193,"minecraft:diamond_pickaxe":5363,"minecraft:diamond_shovel":894,"minecraft:iron_pickaxe":7827,"minecraft:spruce_trapdoor":4,"minecraft:purple_bed":7,"minecraft:cobblestone":1053,"minecraft:crimson_stairs":25,"minecraft:cooked_porkchop":40,"minecraft:glass_pane":192,"minecraft:jukebox":1,"minecraft:iron_shovel":2046,"minecraft:polished_deepslate":80,"minecraft:bone_block":7,"minecraft:shield":380,"minecraft:iron_sword":351,"minecraft:nether_wart":38,"minecraft:grass":1,"minecraft:iron_chestplate":1,"minecraft:birch_pressure_plate":2,"minecraft:nether_bricks":15,"minecraft:carrot":105,"minecraft:deepslate_tile_slab":127,"minecraft:tuff":2,"minecraft:music_disc_13":1,"minecraft:obsidian":32,"minecraft:milk_bucket":1,"minecraft:glass":42,"minecraft:quartz_slab":95,"minecraft:lantern":18,"minecraft:warped_nylium":9,"minecraft:iron_helmet":1,"minecraft:crimson_roots":1,"minecraft:item_frame":14,"minecraft:golden_sword":32,"minecraft:birch_button":1,"minecraft:birch_trapdoor":12,"minecraft:warped_fungus":1,"minecraft:birch_leaves":6,"minecraft:stone_pickaxe":1370,"minecraft:oak_planks":518,"minecraft:sugar_cane":4,"minecraft:crossbow":6,"minecraft:note_block":1,"minecraft:shears":9,"minecraft:redstone_torch":1,"minecraft:lever":2,"minecraft:warped_slab":172,"minecraft:melon_slice":60,"minecraft:bread":3,"minecraft:string":2,"minecraft:deepslate":1,"minecraft:gravel":34,"minecraft:grindstone":2,"minecraft:crimson_door":5,"minecraft:cooked_rabbit":1,"minecraft:andesite":2,"minecraft:smooth_stone_slab":138,"minecraft:bone_meal":203,"minecraft:experience_bottle":1,"minecraft:oak_fence":25,"minecraft:rose_bush":1,"minecraft:flint_and_steel":16,"minecraft:white_tulip":1,"minecraft:redstone":1,"minecraft:spruce_planks":3,"minecraft:stone_hoe":170,"minecraft:cooked_chicken":8,"minecraft:dirt":1414,"minecraft:spyglass":45,"minecraft:white_carpet":1,"minecraft:hopper":5,"minecraft:warped_door":1,"minecraft:birch_door":2,"minecraft:stone_brick_slab":12,"minecraft:wooden_axe":12,"minecraft:bookshelf":16,"minecraft:oak_stairs":14,"minecraft:crimson_slab":42,"minecraft:crimson_planks":245,"minecraft:soul_soil":74,"minecraft:deepslate_tile_stairs":8,"minecraft:cooked_beef":141,"minecraft:quartz_bricks":59,"minecraft:cooked_mutton":76,"minecraft:amethyst_block":10,"minecraft:pink_tulip":1,"minecraft:glass_bottle":3,"minecraft:baked_potato":76,"minecraft:copper_block":6,"minecraft:birch_boat":21,"minecraft:stonecutter":9,"minecraft:chiseled_nether_bricks":71,"minecraft:warped_planks":137,"minecraft:smoker":5,"minecraft:apple":7,"minecraft:cracked_polished_blackstone_bricks":49,"minecraft:netherite_axe":2,"minecraft:stone_slab":4,"minecraft:stone_axe":439,"minecraft:white_banner":2,"minecraft:bucket":80,"minecraft:pumpkin_pie":1,"minecraft:smooth_stone":49},"minecraft:mined":{"minecraft:white_bed":13,"minecraft:warped_stairs":4,"minecraft:obsidian":40,"minecraft:granite":13,"minecraft:deepslate_bricks":41,"minecraft:hopper":1,"minecraft:crimson_fungus":5,"minecraft:nether_wart":16,"minecraft:oxeye_daisy":1,"minecraft:polished_blackstone_bricks":67,"minecraft:weeping_vines_plant":13,"minecraft:magma_block":9,"minecraft:cobbled_deepslate":34,"minecraft:fire":112,"minecraft:barrel":5,"minecraft:pumpkin":22,"minecraft:deepslate_lapis_ore":17,"minecraft:enchanting_table":1,"minecraft:twisting_vines":13,"minecraft:quartz_slab":15,"minecraft:oak_stairs":1,"minecraft:tripwire":2,"minecraft:kelp_plant":5,"minecraft:smoker":3,"minecraft:crimson_nylium":50,"minecraft:amethyst_cluster":3,"minecraft:deepslate_tile_slab":4,"minecraft:torch":57,"minecraft:blast_furnace":3,"minecraft:melon":22,"minecraft:nether_brick_slab":1,"minecraft:glass":10,"minecraft:sugar_cane":90,"minecraft:crimson_stairs":1,"minecraft:amethyst_block":68,"minecraft:wheat":269,"minecraft:warped_fungus":3,"minecraft:stone_brick_stairs":19,"minecraft:copper_block":6,"minecraft:grass":226,"minecraft:smooth_basalt":56,"minecraft:red_mushroom_block":11,"minecraft:stonecutter":7,"minecraft:stripped_crimson_stem":1,"minecraft:deepslate":1908,"minecraft:attached_pumpkin_stem":1,"minecraft:deepslate_tiles":11,"minecraft:mossy_cobblestone":24,"minecraft:nether_brick_wall":9,"minecraft:nether_bricks":233,"minecraft:allium":13,"minecraft:crimson_roots":17,"minecraft:andesite":21,"minecraft:potatoes":37,"minecraft:rail":3,"minecraft:warped_stem":74,"minecraft:bone_block":38,"minecraft:oak_slab":37,"minecraft:glass_pane":12,"minecraft:chiseled_nether_bricks":1,"minecraft:soul_sand":165,"minecraft:dandelion":25,"minecraft:cornflower":10,"minecraft:emerald_ore":4,"minecraft:warped_roots":8,"minecraft:crimson_slab":4,"minecraft:tall_grass":22,"minecraft:copper_ore":20,"minecraft:deepslate_gold_ore":35,"minecraft:diorite":70,"minecraft:warped_wart_block":11,"minecraft:purple_bed":6,"minecraft:spruce_log":6,"minecraft:birch_leaves":42,"minecraft:quartz_pillar":16,"minecraft:gravel":179,"minecraft:dripstone_block":8,"minecraft:polished_blackstone":1,"minecraft:gold_ore":6,"minecraft:infested_stone":2,"minecraft:spruce_planks":3,"minecraft:oak_sapling":1,"minecraft:sculk_vein":5,"minecraft:brewing_stand":7,"minecraft:budding_amethyst":4,"minecraft:grass_block":1313,"minecraft:cracked_polished_blackstone_bricks":50,"minecraft:soul_soil":131,"minecraft:polished_diorite":32,"minecraft:gilded_blackstone":1,"minecraft:smooth_stone":72,"minecraft:glowstone":100,"minecraft:sculk_catalyst":1,"minecraft:iron_ore":267,"minecraft:pointed_dripstone":10,"minecraft:deepslate_redstone_ore":55,"minecraft:quartz_block":2,"minecraft:blackstone":125,"minecraft:twisting_vines_plant":1,"minecraft:soul_lantern":3,"minecraft:chiseled_quartz_block":2,"minecraft:calcite":115,"minecraft:poppy":3,"minecraft:chest":18,"minecraft:mushroom_stem":3,"minecraft:nether_quartz_ore":780,"minecraft:cobblestone":189,"minecraft:grindstone":1,"minecraft:oak_planks":148,"minecraft:wall_torch":44,"minecraft:cauldron":3,"minecraft:warped_nylium":21,"minecraft:warped_planks":57,"minecraft:nether_wart_block":51,"minecraft:birch_log":146,"minecraft:smooth_stone_slab":49,"minecraft:oak_log":1140,"minecraft:sand":705,"minecraft:dirt":976,"minecraft:crimson_planks":27,"minecraft:dispenser":1,"minecraft:netherrack":4925,"minecraft:oak_leaves":335,"minecraft:nether_gold_ore":11,"minecraft:tuff":284,"minecraft:dark_oak_leaves":1,"minecraft:deepslate_diamond_ore":28,"minecraft:ladder":3,"minecraft:weeping_vines":8,"minecraft:spruce_leaves":1,"minecraft:crimson_stem":220,"minecraft:hay_block":18,"minecraft:deepslate_brick_slab":25,"minecraft:furnace":10,"minecraft:carrots":57,"minecraft:nether_sprouts":1,"minecraft:chiseled_deepslate":1,"minecraft:peony":1,"minecraft:gold_block":15,"minecraft:nether_brick_fence":16,"minecraft:polished_deepslate":10,"minecraft:deepslate_iron_ore":188,"minecraft:shroomlight":8,"minecraft:lantern":9,"minecraft:crimson_door":2,"minecraft:packed_ice":2,"minecraft:stone":3206,"minecraft:white_tulip":1,"minecraft:basalt":341,"minecraft:crafting_table":26,"minecraft:oak_fence":14,"minecraft:rose_bush":1,"minecraft:sculk_sensor":2,"minecraft:lectern":186,"minecraft:quartz_bricks":5,"minecraft:lapis_ore":5,"minecraft:sculk":12,"minecraft:birch_planks":6,"minecraft:white_wall_banner":1,"minecraft:coal_ore":534,"minecraft:warped_slab":14},"minecraft:crafted":{"minecraft:smooth_stone":150,"minecraft:chainmail_helmet":4,"minecraft:purple_bed":2,"minecraft:birch_boat":2,"minecraft:oak_pressure_plate":4,"minecraft:lever":2,"minecraft:diamond_shovel":2,"minecraft:nether_brick":204,"minecraft:bookshelf":16,"minecraft:cooked_mutton":97,"minecraft:glass":131,"minecraft:quartz_block":172,"minecraft:diamond_leggings":2,"minecraft:melon_seeds":1,"minecraft:polished_blackstone":4,"minecraft:birch_door":3,"minecraft:magenta_dye":1,"minecraft:cooked_rabbit":2,"minecraft:warped_stairs":8,"minecraft:glass_bottle":126,"minecraft:deepslate":1,"minecraft:cooked_porkchop":60,"minecraft:emerald":225,"minecraft:copper_ingot":130,"minecraft:stone_brick_stairs":1,"minecraft:iron_pickaxe":37,"minecraft:gold_ingot":94,"minecraft:light_gray_dye":1,"minecraft:composter":2,"minecraft:smooth_stone_slab":34,"minecraft:jukebox":1,"minecraft:iron_nugget":153,"minecraft:spyglass":2,"minecraft:crimson_trapdoor":2,"minecraft:experience_bottle":1,"minecraft:diamond_hoe":4,"minecraft:crimson_fence_gate":1,"minecraft:soul_torch":20,"minecraft:bone_meal":279,"minecraft:lantern":12,"minecraft:ladder":63,"minecraft:stone_pickaxe":19,"minecraft:diamond_boots":2,"minecraft:redstone_block":60,"minecraft:chainmail_leggings":2,"minecraft:wheat":81,"minecraft:crossbow":1,"minecraft:enchanting_table":1,"minecraft:crimson_slab":48,"minecraft:glowstone":36,"minecraft:enchanted_book":1,"minecraft:oak_fence_gate":1,"minecraft:crimson_stairs":24,"minecraft:soul_lantern":9,"minecraft:chainmail_boots":2,"minecraft:birch_trapdoor":12,"minecraft:wooden_axe":1,"minecraft:oak_stairs":16,"minecraft:iron_shovel":12,"minecraft:iron_leggings":5,"minecraft:white_bed":6,"minecraft:note_block":1,"minecraft:grindstone":1,"minecraft:oak_planks":3088,"minecraft:barrel":30,"minecraft:cooked_chicken":8,"minecraft:stone":333,"minecraft:warped_planks":216,"minecraft:hopper":4,"minecraft:bow":5,"minecraft:iron_boots":8,"minecraft:chest":62,"minecraft:copper_block":7,"minecraft:birch_button":1,"minecraft:stone_hoe":2,"minecraft:oak_fence":24,"minecraft:golden_sword":1,"minecraft:golden_boots":1,"minecraft:smoker":2,"minecraft:oak_slab":258,"minecraft:item_frame":14,"minecraft:cauldron":2,"minecraft:arrow":20,"minecraft:crafting_table":13,"minecraft:spruce_planks":24,"minecraft:wooden_pickaxe":2,"minecraft:baked_potato":68,"minecraft:iron_helmet":5,"minecraft:birch_pressure_plate":2,"minecraft:chainmail_chestplate":4,"minecraft:brewing_stand":2,"minecraft:birch_planks":476,"minecraft:pumpkin_seeds":4,"minecraft:warped_door":3,"minecraft:dispenser":4,"minecraft:spruce_trapdoor":4,"minecraft:book":50,"minecraft:iron_chestplate":6,"minecraft:paper":153,"minecraft:diamond_pickaxe":6,"minecraft:purple_dye":6,"minecraft:shield":12,"minecraft:stick":3980,"minecraft:warped_slab":162,"minecraft:iron_ingot":680,"minecraft:redstone_torch":1,"minecraft:deepslate_bricks":2,"minecraft:shears":1,"minecraft:purple_wool":6,"minecraft:redstone":30,"minecraft:raw_iron":18,"minecraft:furnace":10,"minecraft:stone_button":2,"minecraft:glass_pane":192,"minecraft:polished_deepslate":6,"minecraft:iron_axe":27,"minecraft:birch_sign":6,"minecraft:observer":1,"minecraft:minecart":1,"minecraft:cooked_beef":23,"minecraft:red_dye":3,"minecraft:crimson_planks":332,"minecraft:iron_sword":5,"minecraft:nether_bricks":19,"minecraft:golden_shovel":8,"minecraft:bucket":6,"minecraft:stone_axe":8,"minecraft:air":0,"minecraft:bread":2,"minecraft:blue_dye":3,"minecraft:oak_boat":1,"minecraft:stonecutter":2,"minecraft:crimson_door":3,"minecraft:torch":1092,"minecraft:lapis_lazuli":12,"minecraft:lapis_block":24},"minecraft:dropped":{"minecraft:iron_sword":4,"minecraft:lapis_lazuli":32,"minecraft:cooked_beef":9,"minecraft:cooked_porkchop":13,"minecraft:weeping_vines":3,"minecraft:rail":8,"minecraft:emerald":2,"minecraft:dirt":6,"minecraft:gold_nugget":4,"minecraft:bone_block":1,"minecraft:iron_pickaxe":16,"minecraft:white_wool":1,"minecraft:bone":44,"minecraft:stone_axe":3,"minecraft:golden_chestplate":1,"minecraft:cobbled_deepslate":474,"minecraft:rotten_flesh":4,"minecraft:oak_planks":28,"minecraft:salmon":2,"minecraft:lectern":1,"minecraft:egg":16,"minecraft:crimson_planks":4,"minecraft:iron_ingot":21,"minecraft:wheat_seeds":21,"minecraft:dripstone_block":10,"minecraft:iron_helmet":5,"minecraft:cobblestone":109,"minecraft:apple":4,"minecraft:potion":2,"minecraft:iron_shovel":2,"minecraft:paper":1,"minecraft:string":2,"minecraft:lily_pad":2,"minecraft:pink_tulip":1,"minecraft:stone_sword":1,"minecraft:deepslate":82,"minecraft:iron_boots":8,"minecraft:shears":1,"minecraft:stone":11,"minecraft:diamond_pickaxe":1,"minecraft:spider_eye":2,"minecraft:bow":5,"minecraft:soul_sand":2,"minecraft:warped_fungus":1,"minecraft:oak_log":215,"minecraft:baked_potato":6,"minecraft:music_disc_13":1,"minecraft:crimson_roots":2,"minecraft:gilded_blackstone":1,"minecraft:birch_log":5,"minecraft:gold_ingot":13,"minecraft:gravel":65,"minecraft:spyglass":2,"minecraft:pointed_dripstone":2,"minecraft:cooked_mutton":9,"minecraft:carrot":122,"minecraft:arrow":72,"minecraft:netherrack":193,"minecraft:bread":2,"minecraft:golden_helmet":1,"minecraft:diamond_leggings":3,"minecraft:netherite_axe":1,"minecraft:diorite":44,"minecraft:torch":28,"minecraft:nether_wart_block":2,"minecraft:iron_leggings":3,"minecraft:iron_axe":6,"minecraft:bucket":1,"minecraft:kelp":34,"minecraft:raw_copper":38,"minecraft:tuff":56,"minecraft:stripped_oak_log":1,"minecraft:shield":5,"minecraft:iron_chestplate":4,"minecraft:andesite":22,"minecraft:purple_bed":2,"minecraft:diamond_boots":1,"minecraft:stone_pickaxe":5,"minecraft:raw_gold":1},"minecraft:killed":{"minecraft:cave_spider":1,"minecraft:skeleton":307,"minecraft:chicken":47,"minecraft:magma_cube":87,"minecraft:salmon":2,"minecraft:pillager":14,"minecraft:zombie":81,"minecraft:cow":5,"minecraft:warden":1,"minecraft:wandering_trader":1,"minecraft:enderman":9,"minecraft:witch":1,"minecraft:spider":26,"minecraft:silverfish":6,"minecraft:piglin_brute":5,"minecraft:piglin":5,"minecraft:pig":32,"minecraft:zombie_villager":2,"minecraft:creeper":6,"minecraft:sheep":48,"minecraft:trader_llama":4,"minecraft:ghast":3,"minecraft:blaze":29,"minecraft:phantom":1,"minecraft:drowned":3,"minecraft:hoglin":19,"minecraft:wither_skeleton":7},"minecraft:picked_up":{"minecraft:iron_chestplate":7,"minecraft:lead":7,"minecraft:oak_stairs":1,"minecraft:enchanted_book":1,"minecraft:brewing_stand":7,"minecraft:golden_sword":2,"minecraft:amethyst_block":71,"minecraft:polished_deepslate":10,"minecraft:soul_soil":119,"minecraft:string":48,"minecraft:shroomlight":8,"minecraft:diamond_leggings":2,"minecraft:gold_nugget":114,"minecraft:cobbled_deepslate":1679,"minecraft:spruce_planks":5,"minecraft:warped_slab":18,"minecraft:melon_slice":112,"minecraft:golden_helmet":2,"minecraft:warped_planks":57,"minecraft:cauldron":3,"minecraft:golden_chestplate":2,"minecraft:rabbit_foot":1,"minecraft:chiseled_nether_bricks":1,"minecraft:stone_sword":4,"minecraft:glowstone":12,"minecraft:blaze_rod":17,"minecraft:birch_log":151,"minecraft:magma_block":16,"minecraft:feather":50,"minecraft:cooked_beef":19,"minecraft:water_bucket":5,"minecraft:copper_block":6,"minecraft:smoker":3,"minecraft:flint":53,"minecraft:lantern":11,"minecraft:twisting_vines":11,"minecraft:stonecutter":7,"minecraft:glowstone_dust":372,"minecraft:warped_wart_block":11,"minecraft:stripped_crimson_stem":1,"minecraft:ink_sac":1,"minecraft:crimson_door":4,"minecraft:barrel":5,"minecraft:quartz_bricks":5,"minecraft:dispenser":1,"minecraft:deepslate":82,"minecraft:granite":40,"minecraft:golden_horse_armor":1,"minecraft:bread":4,"minecraft:diamond_pickaxe":2,"minecraft:crimson_roots":21,"minecraft:crafting_table":27,"minecraft:nether_wart":130,"minecraft:cornflower":16,"minecraft:flint_and_steel":1,"minecraft:iron_shovel":8,"minecraft:beef":22,"minecraft:poppy":6,"minecraft:minecart":9,"minecraft:chest":18,"minecraft:birch_sapling":9,"minecraft:copper_ore":1,"minecraft:egg":174,"minecraft:stone":490,"minecraft:fire_charge":7,"minecraft:cake":1,"minecraft:carrot":238,"minecraft:redstone":323,"minecraft:stone_shovel":1,"minecraft:peony":2,"minecraft:shears":1,"minecraft:deepslate_bricks":40,"minecraft:hay_block":19,"minecraft:gold_ingot":7,"minecraft:polished_blackstone":1,"minecraft:crimson_slab":4,"minecraft:mutton":77,"minecraft:rail":2,"minecraft:bone_block":70,"minecraft:white_wool":64,"minecraft:oxeye_daisy":1,"minecraft:stripped_oak_log":4,"minecraft:birch_leaves":8,"minecraft:clock":1,"minecraft:oak_log":1538,"minecraft:lily_pad":2,"minecraft:golden_boots":6,"minecraft:paper":1,"minecraft:white_banner":2,"minecraft:apple":13,"minecraft:kelp":34,"minecraft:warped_stem":74,"minecraft:stone_pickaxe":19,"minecraft:iron_sword":15,"minecraft:smooth_basalt":83,"minecraft:spyglass":2,"minecraft:gravel":211,"minecraft:crimson_stairs":1,"minecraft:spruce_log":6,"minecraft:purple_bed":7,"minecraft:stone_axe":4,"minecraft:polished_diorite":32,"minecraft:gray_wool":5,"minecraft:warped_roots":8,"minecraft:baked_potato":65,"minecraft:warped_nylium":21,"minecraft:hopper":1,"minecraft:ender_pearl":8,"minecraft:chiseled_deepslate":1,"minecraft:wheat":288,"minecraft:nether_brick_fence":16,"minecraft:potion":2,"minecraft:gilded_blackstone":3,"minecraft:stone_brick_stairs":19,"minecraft:crimson_planks":24,"minecraft:warped_stairs":4,"minecraft:raw_copper":201,"minecraft:smooth_stone_slab":54,"minecraft:iron_leggings":7,"minecraft:deepslate_tiles":11,"minecraft:smooth_stone":82,"minecraft:bucket":2,"minecraft:red_dye":6,"minecraft:white_tulip":1,"minecraft:rose_bush":9,"minecraft:calcite":150,"minecraft:iron_pickaxe":39,"minecraft:iron_boots":9,"minecraft:furnace":14,"minecraft:stick":269,"minecraft:oak_fence":24,"minecraft:torch":325,"minecraft:porkchop":117,"minecraft:pointed_dripstone":37,"minecraft:diorite":66,"minecraft:quartz_block":4,"minecraft:rotten_flesh":91,"minecraft:obsidian":39,"minecraft:cobblestone":3147,"minecraft:enchanting_table":1,"minecraft:lilac":1,"minecraft:magma_cream":4,"minecraft:andesite":38,"minecraft:chiseled_quartz_block":2,"minecraft:potato":128,"minecraft:tuff":338,"minecraft:dirt":2460,"minecraft:lapis_lazuli":273,"minecraft:leather_boots":1,"minecraft:bone":243,"minecraft:bow":10,"minecraft:wheat_seeds":757,"minecraft:deepslate_brick_slab":26,"minecraft:raw_gold":64,"minecraft:grindstone":1,"minecraft:fletching_table":1,"minecraft:oak_planks":305,"minecraft:cooked_porkchop":24,"minecraft:music_disc_13":2,"minecraft:poisonous_potato":3,"minecraft:sand":709,"minecraft:grass_block":1,"minecraft:mossy_cobblestone":23,"minecraft:sugar":1,"minecraft:diamond":60,"minecraft:soul_lantern":3,"minecraft:cracked_polished_blackstone_bricks":76,"minecraft:crossbow":3,"minecraft:grass":1,"minecraft:golden_apple":2,"minecraft:emerald":13,"minecraft:oak_sapling":283,"minecraft:netherrack":4851,"minecraft:allium":34,"minecraft:chicken":46,"minecraft:ladder":6,"minecraft:wooden_pickaxe":1,"minecraft:gold_block":15,"minecraft:shield":18,"minecraft:iron_axe":12,"minecraft:quartz_slab":17,"minecraft:blackstone":136,"minecraft:oak_boat":12,"minecraft:light_gray_wool":13,"minecraft:lectern":186,"minecraft:sugar_cane":141,"minecraft:phantom_membrane":1,"minecraft:raw_iron":665,"minecraft:polished_blackstone_bricks":64,"minecraft:quartz_pillar":16,"minecraft:weeping_vines":12,"minecraft:arrow":201,"minecraft:pumpkin_pie":5,"minecraft:nether_bricks":205,"minecraft:pink_tulip":4,"minecraft:nether_brick_wall":9,"minecraft:basalt":465,"minecraft:glow_ink_sac":21,"minecraft:crimson_stem":296,"minecraft:salmon":2,"minecraft:leather":27,"minecraft:birch_planks":152,"minecraft:crimson_fungus":4,"minecraft:nether_wart_block":48,"minecraft:gunpowder":18,"minecraft:deepslate_tile_slab":3,"minecraft:wooden_hoe":3,"minecraft:cooked_mutton":47,"minecraft:iron_ingot":60,"minecraft:soul_sand":307,"minecraft:book":1,"minecraft:sculk_catalyst":1,"minecraft:oak_slab":42,"minecraft:warped_fungus":4,"minecraft:pumpkin":40,"minecraft:birch_boat":21,"minecraft:quartz":1021,"minecraft:dandelion":71,"minecraft:dripstone_block":16,"minecraft:amethyst_shard":14,"minecraft:blast_furnace":3,"minecraft:white_bed":16,"minecraft:nether_brick_slab":1,"minecraft:spider_eye":15,"minecraft:chainmail_leggings":1,"minecraft:iron_helmet":11,"minecraft:black_wool":1,"minecraft:coal":1003}},"DataVersion":3465}