{"stats":{"minecraft:used":{"minecraft:cooked_mutton":2,"minecraft:amethyst_block":21,"minecraft:stone_sword":36,"minecraft:stone_pickaxe":411,"minecraft:oak_planks":34,"minecraft:shield":4,"minecraft:cooked_chicken":1,"minecraft:torch":13,"minecraft:crafting_table":3,"minecraft:glass":82,"minecraft:apple":4,"minecraft:bread":2,"minecraft:iron_pickaxe":80,"minecraft:stone_axe":170,"minecraft:cobblestone":8,"minecraft:purple_bed":2,"minecraft:oak_sapling":6,"minecraft:cooked_porkchop":1,"minecraft:cooked_rabbit":1,"minecraft:purple_carpet":16},"minecraft:killed":{"minecraft:cave_spider":2,"minecraft:sheep":3,"minecraft:chicken":1},"minecraft:custom":{"minecraft:interact_with_furnace":17,"minecraft:mob_kills":6,"minecraft:interact_with_crafting_table":3,"minecraft:interact_with_stonecutter":1,"minecraft:leave_game":4,"minecraft:time_since_death":88147,"minecraft:sleep_in_bed":1,"minecraft:climb_one_cm":2678,"minecraft:time_since_rest":77412,"minecraft:sprint_one_cm":74940,"minecraft:damage_taken":718,"minecraft:walk_one_cm":289356,"minecraft:damage_blocked_by_shield":130,"minecraft:drop":4,"minecraft:damage_dealt":968,"minecraft:fly_one_cm":43253,"minecraft:open_chest":42,"minecraft:crouch_one_cm":4955,"minecraft:play_time":88147,"minecraft:sneak_time":3133,"minecraft:walk_under_water_one_cm":1578,"minecraft:jump":690,"minecraft:interact_with_blast_furnace":5,"minecraft:walk_on_water_one_cm":13909,"minecraft:total_world_time":88147,"minecraft:interact_with_smoker":7,"minecraft:fall_one_cm":10469},"minecraft:mined":{"minecraft:deepslate_redstone_ore":9,"minecraft:tuff":16,"minecraft:crafting_table":1,"minecraft:torch":2,"minecraft:grass_block":1,"minecraft:tall_grass":1,"minecraft:copper_ore":17,"minecraft:deepslate_gold_ore":9,"minecraft:oak_planks":13,"minecraft:diorite":21,"minecraft:amethyst_block":21,"minecraft:purple_bed":2,"minecraft:raw_iron_block":1,"minecraft:iron_ore":19,"minecraft:grass":3,"minecraft:oak_log":144,"minecraft:pointed_dripstone":1,"minecraft:coal_ore":53,"minecraft:deepslate_iron_ore":39,"minecraft:purple_carpet":5,"minecraft:cobweb":8,"minecraft:stone":225,"minecraft:oak_leaves":14,"minecraft:deepslate":50},"minecraft:dropped":{"minecraft:iron_ingot":3,"minecraft:cooked_mutton":4,"minecraft:stick":13,"minecraft:torch":26},"minecraft:broken":{"minecraft:stone_pickaxe":3,"minecraft:stone_axe":1},"minecraft:picked_up":{"minecraft:crafting_table":1,"minecraft:feather":2,"minecraft:chicken":1,"minecraft:glow_ink_sac":2,"minecraft:brown_wool":1,"minecraft:flint":1,"minecraft:tuff":18,"minecraft:oak_log":138,"minecraft:shield":1,"minecraft:amethyst_block":21,"minecraft:lapis_lazuli":16,"minecraft:dirt":2,"minecraft:string":13,"minecraft:raw_copper":80,"minecraft:purple_carpet":16,"minecraft:bone":17,"minecraft:apple":1,"minecraft:cobbled_deepslate":50,"minecraft:raw_gold":10,"minecraft:iron_ingot":10,"minecraft:iron_pickaxe":1,"minecraft:oak_planks":12,"minecraft:egg":1,"minecraft:stick":14,"minecraft:raw_iron":58,"minecraft:torch":4,"minecraft:raw_iron_block":1,"minecraft:gravel":4,"minecraft:pointed_dripstone":1,"minecraft:diorite":29,"minecraft:redstone":40,"minecraft:purple_bed":2,"minecraft:arrow":5,"minecraft:rotten_flesh":1,"minecraft:emerald":1,"minecraft:oak_sapling":6,"minecraft:black_wool":1,"minecraft:mutton":4,"minecraft:coal":50,"minecraft:white_wool":1,"minecraft:rail":9,"minecraft:cobblestone":274},"minecraft:crafted":{"minecraft:oak_planks":40,"minecraft:crafting_table":2,"minecraft:cooked_chicken":1,"minecraft:stone_axe":1,"minecraft:cooked_mutton":4,"minecraft:glass":128,"minecraft:stick":20,"minecraft:iron_ingot":2,"minecraft:stone_pickaxe":3,"minecraft:torch":52}},"DataVersion":3465}