{"stats":{"minecraft:used":{"minecraft:iron_shovel":1461,"minecraft:ladder":6,"minecraft:bone_block":12,"minecraft:shield":45,"minecraft:chest":3,"minecraft:nether_wart":1,"minecraft:iron_sword":320,"minecraft:stone":35,"minecraft:quartz_stairs":5,"minecraft:rotten_flesh":3,"minecraft:soul_sand":1,"minecraft:carrot":91,"minecraft:deepslate_brick_slab":2,"minecraft:glass":106,"minecraft:lava_bucket":5,"minecraft:quartz_slab":4,"minecraft:quartz_block":14,"minecraft:item_frame":10,"minecraft:bow":165,"minecraft:oak_sapling":31,"minecraft:furnace":1,"minecraft:beetroot_seeds":98,"minecraft:egg":162,"minecraft:potato":95,"minecraft:oak_planks":1636,"minecraft:stone_pickaxe":954,"minecraft:blackstone":4,"minecraft:composter":1,"minecraft:sugar_cane":14,"minecraft:sand":25,"minecraft:loom":1,"minecraft:blast_furnace":2,"minecraft:pumpkin_seeds":7,"minecraft:bread":5,"minecraft:lectern":2,"minecraft:gravel":7,"minecraft:grindstone":1,"minecraft:smithing_table":1,"minecraft:cooked_rabbit":4,"minecraft:andesite":1,"minecraft:smooth_stone_slab":8,"minecraft:oak_fence":287,"minecraft:stone_sword":116,"minecraft:crimson_fence":19,"minecraft:flint_and_steel":3,"minecraft:stone_shovel":421,"minecraft:stone_hoe":131,"minecraft:cooked_chicken":37,"minecraft:netherrack":164,"minecraft:spyglass":6,"minecraft:torch":236,"minecraft:brewing_stand":1,"minecraft:anvil":1,"minecraft:dirt":861,"minecraft:warped_wart_block":2,"minecraft:white_carpet":20,"minecraft:spruce_fence":18,"minecraft:salmon_bucket":2,"minecraft:oak_fence_gate":7,"minecraft:shroomlight":3,"minecraft:iron_axe":1090,"minecraft:oak_stairs":25,"minecraft:crimson_slab":37,"minecraft:crimson_planks":54,"minecraft:barrel":1,"minecraft:melon_seeds":8,"minecraft:glowstone":8,"minecraft:basalt":11,"minecraft:cooked_beef":10,"minecraft:crimson_pressure_plate":19,"minecraft:cobbled_deepslate":179,"minecraft:pumpkin":3,"minecraft:wheat_seeds":441,"minecraft:cooked_mutton":16,"minecraft:water_bucket":164,"minecraft:amethyst_block":21,"minecraft:baked_potato":32,"minecraft:cartography_table":1,"minecraft:cauldron":1,"minecraft:stonecutter":1,"minecraft:cobblestone_slab":1,"minecraft:polished_blackstone_bricks":3,"minecraft:mossy_cobblestone":6,"minecraft:crafting_table":37,"minecraft:oak_slab":368,"minecraft:white_bed":13,"minecraft:campfire":3,"minecraft:spruce_log":1,"minecraft:cake":1,"minecraft:smoker":1,"minecraft:wooden_hoe":114,"minecraft:diamond_pickaxe":1045,"minecraft:apple":4,"minecraft:diamond_shovel":60,"minecraft:chicken":1,"minecraft:iron_pickaxe":3254,"minecraft:stone_slab":4,"minecraft:stone_axe":665,"minecraft:chiseled_stone_bricks":540,"minecraft:fishing_rod":75,"minecraft:potion":1,"minecraft:cobblestone":607,"minecraft:purple_bed":2,"minecraft:crimson_stairs":46,"minecraft:cooked_porkchop":19,"minecraft:bucket":170,"minecraft:glass_pane":78,"minecraft:kelp":30,"minecraft:purple_carpet":16,"minecraft:smooth_stone":723},"minecraft:killed_by":{"minecraft:zombified_piglin":1,"minecraft:wither_skeleton":1,"minecraft:piglin_brute":5,"minecraft:creeper":1,"minecraft:player":1,"minecraft:warden":11,"minecraft:skeleton":2},"minecraft:broken":{"minecraft:iron_shovel":5,"minecraft:stone_pickaxe":7,"minecraft:stone_axe":4,"minecraft:stone_shovel":3,"minecraft:stone_hoe":1,"minecraft:iron_axe":2,"minecraft:iron_pickaxe":11,"minecraft:wooden_hoe":1},"minecraft:mined":{"minecraft:white_bed":3,"minecraft:oak_sapling":2,"minecraft:farmland":100,"minecraft:sculk_vein":31,"minecraft:brewing_stand":1,"minecraft:granite":8,"minecraft:grass_block":490,"minecraft:cracked_polished_blackstone_bricks":6,"minecraft:soul_soil":1,"minecraft:crimson_fungus":1,"minecraft:nether_wart":21,"minecraft:chiseled_stone_bricks":207,"minecraft:gilded_blackstone":2,"minecraft:smooth_stone":337,"minecraft:polished_blackstone_bricks":11,"minecraft:raw_iron_block":2,"minecraft:magma_block":2,"minecraft:sculk_catalyst":4,"minecraft:glowstone":15,"minecraft:iron_ore":81,"minecraft:cobbled_deepslate":9,"minecraft:pumpkin":38,"minecraft:deepslate_lapis_ore":10,"minecraft:sculk_shrieker":2,"minecraft:pointed_dripstone":7,"minecraft:oak_stairs":13,"minecraft:purple_carpet":5,"minecraft:deepslate_redstone_ore":50,"minecraft:brown_mushroom":15,"minecraft:quartz_block":6,"minecraft:blackstone":4,"minecraft:melon_stem":3,"minecraft:kelp_plant":1,"minecraft:crimson_nylium":2,"minecraft:soul_fire":2,"minecraft:torch":36,"minecraft:blast_furnace":1,"minecraft:poppy":2,"minecraft:melon":39,"minecraft:chest":1,"minecraft:glass":44,"minecraft:cobblestone":229,"minecraft:nether_quartz_ore":143,"minecraft:oak_planks":508,"minecraft:sugar_cane":79,"minecraft:crimson_stairs":35,"minecraft:wall_torch":28,"minecraft:amethyst_block":21,"minecraft:warped_nylium":8,"minecraft:nether_wart_block":2,"minecraft:birch_log":51,"minecraft:wheat":419,"minecraft:warped_fungus":1,"minecraft:smooth_stone_slab":6,"minecraft:grass":59,"minecraft:oak_log":429,"minecraft:beetroots":74,"minecraft:oak_fence_gate":2,"minecraft:sand":70,"minecraft:dirt":1276,"minecraft:crimson_planks":11,"minecraft:stonecutter":1,"minecraft:netherrack":184,"minecraft:oak_leaves":79,"minecraft:deepslate":887,"minecraft:nether_gold_ore":33,"minecraft:tuff":135,"minecraft:quartz_stairs":1,"minecraft:mossy_cobblestone":21,"minecraft:deepslate_diamond_ore":10,"minecraft:glow_lichen":1,"minecraft:nether_bricks":2,"minecraft:spruce_fence":15,"minecraft:crimson_roots":1,"minecraft:spruce_leaves":27,"minecraft:kelp":1,"minecraft:crimson_stem":20,"minecraft:deepslate_brick_slab":1,"minecraft:carrots":72,"minecraft:andesite":2,"minecraft:potatoes":98,"minecraft:shroomlight":5,"minecraft:deepslate_iron_ore":75,"minecraft:cobblestone_slab":1,"minecraft:warped_stem":77,"minecraft:lantern":2,"minecraft:stone":1676,"minecraft:bone_block":45,"minecraft:oak_slab":74,"minecraft:glass_pane":58,"minecraft:soul_sand":17,"minecraft:basalt":4,"minecraft:dandelion":23,"minecraft:oak_fence":143,"minecraft:crafting_table":26,"minecraft:cornflower":8,"minecraft:warped_roots":2,"minecraft:crimson_slab":18,"minecraft:sculk_sensor":22,"minecraft:copper_ore":23,"minecraft:campfire":1,"minecraft:stone_slab":2,"minecraft:tall_grass":7,"minecraft:lapis_ore":13,"minecraft:deepslate_gold_ore":39,"minecraft:crimson_pressure_plate":10,"minecraft:sculk":109,"minecraft:diorite":58,"minecraft:warped_wart_block":6,"minecraft:purple_bed":2,"minecraft:sweet_berry_bush":5,"minecraft:white_carpet":9,"minecraft:spruce_log":136,"minecraft:birch_leaves":3,"minecraft:coal_ore":518,"minecraft:gravel":127,"minecraft:dripstone_block":7,"minecraft:cobweb":8,"minecraft:gold_ore":7,"minecraft:crimson_fence":16,"minecraft:fern":1},"minecraft:crafted":{"minecraft:grindstone":1,"minecraft:smooth_stone":383,"minecraft:oak_planks":1776,"minecraft:cobblestone_slab":6,"minecraft:barrel":1,"minecraft:cooked_chicken":61,"minecraft:loom":1,"minecraft:stone":785,"minecraft:bookshelf":1,"minecraft:cooked_mutton":13,"minecraft:cake":3,"minecraft:quartz_block":23,"minecraft:glass":253,"minecraft:melon_seeds":2,"minecraft:chest":2,"minecraft:chiseled_stone_bricks":377,"minecraft:stone_hoe":1,"minecraft:oak_fence":129,"minecraft:cooked_rabbit":3,"minecraft:golden_boots":2,"minecraft:smoker":1,"minecraft:item_frame":10,"minecraft:quartz_stairs":4,"minecraft:oak_slab":294,"minecraft:emerald":1,"minecraft:cauldron":1,"minecraft:cooked_porkchop":48,"minecraft:crafting_table":19,"minecraft:spruce_planks":4,"minecraft:baked_potato":92,"minecraft:smithing_table":1,"minecraft:copper_ingot":39,"minecraft:fletching_table":1,"minecraft:crimson_pressure_plate":14,"minecraft:brewing_stand":1,"minecraft:birch_planks":128,"minecraft:pumpkin_seeds":4,"minecraft:campfire":3,"minecraft:cartography_table":1,"minecraft:lectern":1,"minecraft:book":4,"minecraft:wooden_hoe":3,"minecraft:paper":15,"minecraft:diamond_pickaxe":1,"minecraft:stick":408,"minecraft:stone_slab":30,"minecraft:iron_ingot":125,"minecraft:iron_pickaxe":15,"minecraft:iron_block":10,"minecraft:gold_ingot":56,"minecraft:composter":1,"minecraft:stone_shovel":4,"minecraft:fishing_rod":2,"minecraft:smooth_stone_slab":6,"minecraft:golden_chestplate":2,"minecraft:furnace":2,"minecraft:blast_furnace":1,"minecraft:bone_meal":3,"minecraft:white_carpet":15,"minecraft:glass_pane":96,"minecraft:iron_axe":6,"minecraft:ladder":6,"minecraft:stone_pickaxe":8,"minecraft:quartz_slab":6,"minecraft:golden_helmet":2,"minecraft:cooked_beef":12,"minecraft:sugar":23,"minecraft:crimson_planks":192,"minecraft:crimson_slab":24,"minecraft:iron_sword":2,"minecraft:bucket":4,"minecraft:stone_axe":5,"minecraft:glowstone":10,"minecraft:bread":3,"minecraft:crimson_stairs":28,"minecraft:oak_fence_gate":6,"minecraft:oak_stairs":12,"minecraft:crimson_fence":21,"minecraft:iron_shovel":6,"minecraft:anvil":1,"minecraft:stonecutter":1,"minecraft:white_bed":11,"minecraft:pumpkin_pie":10,"minecraft:torch":220},"minecraft:killed":{"minecraft:cave_spider":2,"minecraft:spider":5,"minecraft:skeleton":55,"minecraft:chicken":36,"minecraft:piglin_brute":2,"minecraft:magma_cube":7,"minecraft:piglin":4,"minecraft:pig":1,"minecraft:zombie_villager":1,"minecraft:strider":1,"minecraft:creeper":3,"minecraft:sheep":19,"minecraft:zombie":27,"minecraft:blaze":4,"minecraft:cow":9,"minecraft:warden":1,"minecraft:rabbit":2,"minecraft:wandering_trader":1,"minecraft:hoglin":1,"minecraft:wither_skeleton":3},"minecraft:dropped":{"minecraft:iron_sword":3,"minecraft:brown_mushroom":15,"minecraft:birch_planks":23,"minecraft:cooked_beef":5,"minecraft:warped_fungus":2,"minecraft:baked_potato":12,"minecraft:diamond":6,"minecraft:cooked_porkchop":3,"minecraft:fletching_table":1,"minecraft:music_disc_13":1,"minecraft:dirt":413,"minecraft:crimson_roots":3,"minecraft:pumpkin_pie":5,"minecraft:iron_pickaxe":8,"minecraft:gold_ingot":10,"minecraft:gravel":39,"minecraft:crimson_fungus":2,"minecraft:stone_axe":1,"minecraft:golden_chestplate":1,"minecraft:cobbled_deepslate":633,"minecraft:wheat":3,"minecraft:pointed_dripstone":8,"minecraft:cooked_mutton":9,"minecraft:basalt":80,"minecraft:quartz":1,"minecraft:egg":51,"minecraft:iron_ingot":3,"minecraft:enchanted_book":1,"minecraft:golden_boots":2,"minecraft:golden_helmet":1,"minecraft:dripstone_block":2,"minecraft:feather":3,"minecraft:cobblestone":442,"minecraft:book":1,"minecraft:golden_apple":1,"minecraft:coal":3,"minecraft:stick":15,"minecraft:diorite":18,"minecraft:ink_sac":1,"minecraft:torch":46,"minecraft:iron_axe":2,"minecraft:raw_iron_block":1,"minecraft:bucket":1,"minecraft:dandelion":4,"minecraft:soul_soil":1,"minecraft:nether_wart":26,"minecraft:tuff":87,"minecraft:stone_shovel":2,"minecraft:white_carpet":2,"minecraft:shield":1,"minecraft:diamond_pickaxe":2,"minecraft:cake":1,"minecraft:golden_sword":1,"minecraft:birch_boat":1,"minecraft:bow":1,"minecraft:stone_pickaxe":1},"minecraft:picked_up":{"minecraft:iron_chestplate":10,"minecraft:wheat":326,"minecraft:stone_slab":2,"minecraft:lead":3,"minecraft:oak_stairs":13,"minecraft:potion":2,"minecraft:gilded_blackstone":3,"minecraft:brewing_stand":1,"minecraft:crimson_planks":11,"minecraft:golden_sword":2,"minecraft:amethyst_block":21,"minecraft:string":23,"minecraft:soul_soil":5,"minecraft:raw_copper":115,"minecraft:smooth_stone_slab":5,"minecraft:iron_leggings":11,"minecraft:pufferfish":7,"minecraft:shroomlight":5,"minecraft:beetroot":72,"minecraft:diamond_leggings":3,"minecraft:cobbled_deepslate":977,"minecraft:gold_nugget":218,"minecraft:smooth_stone":329,"minecraft:crimson_fence":16,"minecraft:bucket":6,"minecraft:cobblestone_slab":1,"minecraft:iron_pickaxe":34,"minecraft:melon_slice":218,"minecraft:iron_boots":9,"minecraft:golden_helmet":2,"minecraft:stick":53,"minecraft:crimson_pressure_plate":16,"minecraft:oak_fence":144,"minecraft:torch":208,"minecraft:porkchop":2,"minecraft:pointed_dripstone":14,"minecraft:diorite":84,"minecraft:golden_chestplate":3,"minecraft:quartz_block":6,"minecraft:stone_sword":2,"minecraft:rotten_flesh":99,"minecraft:obsidian":2,"minecraft:cod":25,"minecraft:snowball":20,"minecraft:cobblestone":1891,"minecraft:birch_log":51,"minecraft:magma_block":2,"minecraft:feather":38,"minecraft:cooked_beef":17,"minecraft:magma_cream":1,"minecraft:water_bucket":2,"minecraft:andesite":7,"minecraft:brown_wool":1,"minecraft:potato":264,"minecraft:flint":18,"minecraft:tuff":125,"minecraft:lapis_lazuli":170,"minecraft:dirt":1712,"minecraft:lantern":3,"minecraft:name_tag":1,"minecraft:purple_carpet":16,"minecraft:leather_boots":1,"minecraft:bone":127,"minecraft:stonecutter":1,"minecraft:bow":9,"minecraft:wheat_seeds":1039,"minecraft:deepslate_brick_slab":5,"minecraft:raw_gold":54,"minecraft:rabbit":5,"minecraft:glowstone_dust":70,"minecraft:oak_planks":526,"minecraft:cooked_porkchop":16,"minecraft:music_disc_13":3,"minecraft:warped_wart_block":5,"minecraft:poisonous_potato":1,"minecraft:sand":59,"minecraft:ink_sac":1,"minecraft:mossy_cobblestone":22,"minecraft:diamond":10,"minecraft:cracked_polished_blackstone_bricks":15,"minecraft:granite":8,"minecraft:emerald":1,"minecraft:golden_horse_armor":1,"minecraft:bread":2,"minecraft:oak_sapling":45,"minecraft:netherrack":328,"minecraft:crimson_roots":3,"minecraft:diamond_pickaxe":2,"minecraft:charcoal":2,"minecraft:crafting_table":26,"minecraft:azure_bluet":1,"minecraft:ladder":1,"minecraft:chicken":29,"minecraft:nether_wart":24,"minecraft:brown_mushroom":15,"minecraft:shield":12,"minecraft:cornflower":11,"minecraft:iron_axe":10,"minecraft:flint_and_steel":1,"minecraft:white_carpet":11,"minecraft:iron_shovel":4,"minecraft:blackstone":28,"minecraft:beef":19,"minecraft:poppy":4,"minecraft:light_gray_wool":19,"minecraft:lectern":1,"minecraft:quartz_stairs":1,"minecraft:sugar_cane":125,"minecraft:chest":1,"minecraft:birch_sapling":1,"minecraft:egg":356,"minecraft:raw_iron":169,"minecraft:stone":45,"minecraft:bowl":1,"minecraft:spruce_fence":22,"minecraft:fire_charge":2,"minecraft:polished_blackstone_bricks":19,"minecraft:carrot":191,"minecraft:redstone":297,"minecraft:arrow":178,"minecraft:stone_shovel":2,"minecraft:beetroot_seeds":201,"minecraft:nether_bricks":4,"minecraft:diamond_boots":1,"minecraft:saddle":3,"minecraft:gold_ingot":9,"minecraft:mutton":33,"minecraft:bone_block":44,"minecraft:rail":9,"minecraft:white_wool":40,"minecraft:crimson_slab":21,"minecraft:basalt":7,"minecraft:glow_ink_sac":4,"minecraft:crimson_stem":79,"minecraft:salmon":16,"minecraft:leather":16,"minecraft:crimson_fungus":2,"minecraft:oak_log":517,"minecraft:lily_pad":1,"minecraft:golden_boots":2,"minecraft:nether_wart_block":4,"minecraft:gunpowder":5,"minecraft:wooden_hoe":2,"minecraft:paper":1,"minecraft:white_banner":1,"minecraft:cooked_mutton":5,"minecraft:apple":3,"minecraft:kelp":59,"minecraft:warped_stem":76,"minecraft:rabbit_hide":4,"minecraft:iron_ingot":34,"minecraft:oak_fence_gate":2,"minecraft:stone_pickaxe":10,"minecraft:cooked_chicken":54,"minecraft:iron_sword":11,"minecraft:soul_sand":40,"minecraft:sculk_catalyst":2,"minecraft:oak_slab":81,"minecraft:warped_fungus":2,"minecraft:birch_boat":1,"minecraft:pumpkin":38,"minecraft:sweet_berries":13,"minecraft:chiseled_stone_bricks":219,"minecraft:quartz":144,"minecraft:dandelion":35,"minecraft:spyglass":3,"minecraft:raw_iron_block":4,"minecraft:dripstone_block":2,"minecraft:gravel":112,"minecraft:crimson_stairs":35,"minecraft:blast_furnace":1,"minecraft:white_bed":2,"minecraft:spruce_log":133,"minecraft:spider_eye":5,"minecraft:pumpkin_seeds":6,"minecraft:purple_bed":2,"minecraft:iron_helmet":7,"minecraft:gray_wool":2,"minecraft:warped_roots":2,"minecraft:baked_potato":47,"minecraft:melon_seeds":4,"minecraft:black_wool":2,"minecraft:coal":715},"minecraft:custom":{"minecraft:animals_bred":79,"minecraft:interact_with_crafting_table":150,"minecraft:open_barrel":12,"minecraft:eat_cake_slice":3,"minecraft:leave_game":31,"minecraft:time_since_death":239158,"minecraft:damage_blocked_by_shield":1680,"minecraft:sprint_one_cm":2733508,"minecraft:drop":136,"minecraft:talked_to_villager":5,"minecraft:play_time":1833155,"minecraft:deaths":23,"minecraft:jump":8929,"minecraft:interact_with_brewingstand":2,"minecraft:walk_on_water_one_cm":119633,"minecraft:interact_with_furnace":295,"minecraft:traded_with_villager":1,"minecraft:sleep_in_bed":34,"minecraft:damage_dealt":15219,"minecraft:crouch_one_cm":233223,"minecraft:interact_with_smoker":88,"minecraft:horse_one_cm":866,"minecraft:interact_with_anvil":2,"minecraft:mob_kills":219,"minecraft:inspect_hopper":1,"minecraft:climb_one_cm":54983,"minecraft:walk_one_cm":5788656,"minecraft:sneak_time":116243,"minecraft:walk_under_water_one_cm":62572,"minecraft:boat_one_cm":11765,"minecraft:interact_with_blast_furnace":54,"minecraft:total_world_time":1833155,"minecraft:tune_noteblock":3,"minecraft:interact_with_stonecutter":24,"minecraft:interact_with_grindstone":1,"minecraft:time_since_rest":93849,"minecraft:damage_taken":12204,"minecraft:swim_one_cm":54461,"minecraft:fly_one_cm":740755,"minecraft:open_chest":912,"minecraft:fish_caught":46,"minecraft:fall_one_cm":135101}},"DataVersion":3465}