{"stats":{"minecraft:crafted":{"minecraft:oak_planks":1356,"minecraft:cobblestone_slab":6,"minecraft:stone_shovel":2,"minecraft:cooked_chicken":4,"minecraft:bone_meal":3,"minecraft:cooked_mutton":6,"minecraft:glass":128,"minecraft:iron_axe":3,"minecraft:ladder":6,"minecraft:stone_pickaxe":4,"minecraft:chest":2,"minecraft:stone_hoe":1,"minecraft:oak_fence":102,"minecraft:cooked_rabbit":2,"minecraft:cooked_beef":6,"minecraft:oak_slab":126,"minecraft:crafting_table":4,"minecraft:stone_axe":3,"minecraft:oak_fence_gate":6,"minecraft:wooden_hoe":1,"minecraft:stick":144,"minecraft:iron_ingot":56,"minecraft:iron_pickaxe":2,"minecraft:oak_stairs":12,"minecraft:iron_block":6,"minecraft:iron_shovel":4,"minecraft:torch":72},"minecraft:killed_by":{"minecraft:creeper":1},"minecraft:dropped":{"minecraft:enchanted_book":1,"minecraft:iron_ingot":3,"minecraft:cobblestone":12,"minecraft:stick":13,"minecraft:dirt":254,"minecraft:torch":46,"minecraft:iron_axe":1,"minecraft:raw_iron_block":1,"minecraft:dandelion":4,"minecraft:gravel":1,"minecraft:stone_axe":1,"minecraft:cobbled_deepslate":53,"minecraft:tuff":20,"minecraft:stone_shovel":2,"minecraft:cooked_mutton":4,"minecraft:egg":1},"minecraft:picked_up":{"minecraft:crafting_table":9,"minecraft:iron_chestplate":1,"minecraft:wheat":21,"minecraft:chicken":4,"minecraft:ladder":1,"minecraft:oak_stairs":13,"minecraft:shield":2,"minecraft:amethyst_block":21,"minecraft:cornflower":2,"minecraft:iron_axe":1,"minecraft:string":15,"minecraft:raw_copper":80,"minecraft:iron_leggings":1,"minecraft:cobbled_deepslate":106,"minecraft:beef":6,"minecraft:cobblestone_slab":1,"minecraft:poppy":4,"minecraft:iron_pickaxe":2,"minecraft:light_gray_wool":1,"minecraft:iron_boots":1,"minecraft:egg":2,"minecraft:stick":35,"minecraft:raw_iron":76,"minecraft:oak_fence":130,"minecraft:torch":49,"minecraft:pointed_dripstone":1,"minecraft:diorite":29,"minecraft:carrot":1,"minecraft:redstone":136,"minecraft:rotten_flesh":9,"minecraft:arrow":18,"minecraft:stone_sword":1,"minecraft:stone_shovel":2,"minecraft:mutton":11,"minecraft:rail":9,"minecraft:white_wool":4,"minecraft:cobblestone":640,"minecraft:feather":4,"minecraft:glow_ink_sac":2,"minecraft:brown_wool":1,"minecraft:leather":4,"minecraft:potato":12,"minecraft:flint":1,"minecraft:tuff":41,"minecraft:oak_log":367,"minecraft:lapis_lazuli":16,"minecraft:dirt":1027,"minecraft:white_banner":1,"minecraft:purple_carpet":16,"minecraft:bone":31,"minecraft:apple":1,"minecraft:wheat_seeds":86,"minecraft:raw_gold":22,"minecraft:oak_fence_gate":2,"minecraft:rabbit_hide":1,"minecraft:iron_ingot":10,"minecraft:rabbit":2,"minecraft:oak_planks":378,"minecraft:oak_slab":11,"minecraft:pumpkin":3,"minecraft:dandelion":22,"minecraft:raw_iron_block":4,"minecraft:gravel":7,"minecraft:sand":4,"minecraft:purple_bed":2,"minecraft:iron_helmet":1,"minecraft:emerald":1,"minecraft:oak_sapling":29,"minecraft:melon_seeds":1,"minecraft:black_wool":2,"minecraft:coal":62},"minecraft:used":{"minecraft:oak_fence":258,"minecraft:stone_sword":116,"minecraft:iron_shovel":876,"minecraft:stone_shovel":264,"minecraft:ladder":6,"minecraft:chest":2,"minecraft:shield":5,"minecraft:cooked_chicken":2,"minecraft:stone_hoe":131,"minecraft:rotten_flesh":2,"minecraft:torch":73,"minecraft:dirt":640,"minecraft:oak_fence_gate":7,"minecraft:glass":82,"minecraft:lava_bucket":5,"minecraft:iron_axe":577,"minecraft:oak_stairs":25,"minecraft:melon_seeds":3,"minecraft:oak_sapling":29,"minecraft:cooked_beef":2,"minecraft:cobbled_deepslate":2,"minecraft:pumpkin":3,"minecraft:wheat_seeds":34,"minecraft:cooked_mutton":8,"minecraft:water_bucket":55,"minecraft:amethyst_block":21,"minecraft:stone_pickaxe":541,"minecraft:oak_planks":1415,"minecraft:cobblestone_slab":1,"minecraft:sand":11,"minecraft:oak_slab":137,"minecraft:crafting_table":12,"minecraft:wooden_hoe":36,"minecraft:apple":4,"minecraft:bread":2,"minecraft:iron_pickaxe":573,"minecraft:stone_axe":400,"minecraft:cobblestone":209,"minecraft:purple_bed":2,"minecraft:cooked_porkchop":5,"minecraft:cooked_rabbit":3,"minecraft:bucket":59,"minecraft:purple_carpet":16},"minecraft:killed":{"minecraft:cave_spider":2,"minecraft:skeleton":3,"minecraft:chicken":3,"minecraft:rabbit":1,"minecraft:wandering_trader":1,"minecraft:sheep":7,"minecraft:zombie":3,"minecraft:cow":3},"minecraft:broken":{"minecraft:iron_shovel":3,"minecraft:stone_hoe":1,"minecraft:stone_pickaxe":4,"minecraft:iron_axe":2,"minecraft:stone_axe":2,"minecraft:iron_pickaxe":2,"minecraft:stone_shovel":2},"minecraft:mined":{"minecraft:tuff":21,"minecraft:farmland":95,"minecraft:grass_block":302,"minecraft:raw_iron_block":2,"minecraft:carrots":1,"minecraft:iron_ore":24,"minecraft:pumpkin":3,"minecraft:potatoes":12,"minecraft:pointed_dripstone":1,"minecraft:deepslate_iron_ore":56,"minecraft:cobblestone_slab":1,"minecraft:oak_stairs":13,"minecraft:purple_carpet":5,"minecraft:stone":622,"minecraft:deepslate_redstone_ore":17,"minecraft:oak_slab":9,"minecraft:melon_stem":1,"minecraft:dandelion":20,"minecraft:oak_fence":131,"minecraft:crafting_table":9,"minecraft:cornflower":3,"minecraft:torch":8,"minecraft:poppy":2,"minecraft:cobblestone":134,"minecraft:tall_grass":5,"minecraft:copper_ore":17,"minecraft:deepslate_gold_ore":12,"minecraft:oak_planks":384,"minecraft:diorite":21,"minecraft:wall_torch":3,"minecraft:amethyst_block":21,"minecraft:purple_bed":2,"minecraft:wheat":28,"minecraft:grass":40,"minecraft:oak_log":373,"minecraft:coal_ore":65,"minecraft:oak_fence_gate":2,"minecraft:sand":5,"minecraft:gravel":2,"minecraft:dirt":816,"minecraft:cobweb":8,"minecraft:oak_leaves":51,"minecraft:deepslate":55},"minecraft:custom":{"minecraft:mob_kills":38,"minecraft:animals_bred":12,"minecraft:interact_with_crafting_table":41,"minecraft:open_barrel":1,"minecraft:leave_game":6,"minecraft:time_since_death":327550,"minecraft:climb_one_cm":15445,"minecraft:sprint_one_cm":398760,"minecraft:walk_one_cm":1458368,"minecraft:damage_blocked_by_shield":170,"minecraft:drop":26,"minecraft:play_time":418490,"minecraft:deaths":1,"minecraft:sneak_time":7890,"minecraft:walk_under_water_one_cm":2643,"minecraft:jump":2115,"minecraft:interact_with_blast_furnace":9,"minecraft:walk_on_water_one_cm":26267,"minecraft:total_world_time":418490,"minecraft:interact_with_furnace":24,"minecraft:interact_with_stonecutter":1,"minecraft:sleep_in_bed":7,"minecraft:time_since_rest":4365,"minecraft:damage_taken":1605,"minecraft:damage_dealt":3328,"minecraft:fly_one_cm":153773,"minecraft:open_chest":140,"minecraft:crouch_one_cm":18024,"minecraft:interact_with_smoker":22,"minecraft:fall_one_cm":26565}},"DataVersion":3465}