{"stats":{"minecraft:used":{"minecraft:oak_fence":18,"minecraft:cooked_mutton":2,"minecraft:amethyst_block":21,"minecraft:stone_sword":102,"minecraft:stone_pickaxe":411,"minecraft:oak_planks":34,"minecraft:shield":5,"minecraft:cooked_chicken":2,"minecraft:rotten_flesh":2,"minecraft:torch":27,"minecraft:crafting_table":3,"minecraft:glass":82,"minecraft:apple":4,"minecraft:bread":2,"minecraft:iron_pickaxe":167,"minecraft:stone_axe":170,"minecraft:cobblestone":8,"minecraft:purple_bed":2,"minecraft:oak_sapling":6,"minecraft:cooked_porkchop":3,"minecraft:cooked_rabbit":3,"minecraft:cobbled_deepslate":2,"minecraft:purple_carpet":16},"minecraft:killed":{"minecraft:cave_spider":2,"minecraft:rabbit":1,"minecraft:skeleton":3,"minecraft:sheep":5,"minecraft:zombie":1,"minecraft:chicken":3},"minecraft:custom":{"minecraft:interact_with_furnace":21,"minecraft:mob_kills":23,"minecraft:animals_bred":1,"minecraft:interact_with_crafting_table":3,"minecraft:open_barrel":1,"minecraft:interact_with_stonecutter":1,"minecraft:leave_game":4,"minecraft:time_since_death":45207,"minecraft:sleep_in_bed":3,"minecraft:climb_one_cm":3780,"minecraft:time_since_rest":2070,"minecraft:sprint_one_cm":197420,"minecraft:damage_taken":1074,"minecraft:walk_one_cm":495633,"minecraft:damage_blocked_by_shield":170,"minecraft:drop":11,"minecraft:damage_dealt":2190,"minecraft:fly_one_cm":99851,"minecraft:open_chest":94,"minecraft:crouch_one_cm":5630,"minecraft:play_time":136147,"minecraft:deaths":1,"minecraft:sneak_time":3667,"minecraft:walk_under_water_one_cm":2643,"minecraft:jump":1357,"minecraft:interact_with_blast_furnace":7,"minecraft:walk_on_water_one_cm":15191,"minecraft:total_world_time":136147,"minecraft:interact_with_smoker":15,"minecraft:fall_one_cm":18901},"minecraft:mined":{"minecraft:deepslate_redstone_ore":17,"minecraft:tuff":21,"minecraft:crafting_table":1,"minecraft:torch":3,"minecraft:grass_block":4,"minecraft:poppy":1,"minecraft:tall_grass":5,"minecraft:copper_ore":17,"minecraft:deepslate_gold_ore":12,"minecraft:oak_planks":13,"minecraft:diorite":21,"minecraft:amethyst_block":21,"minecraft:purple_bed":2,"minecraft:raw_iron_block":2,"minecraft:iron_ore":24,"minecraft:grass":23,"minecraft:oak_log":144,"minecraft:pointed_dripstone":1,"minecraft:coal_ore":65,"minecraft:deepslate_iron_ore":56,"minecraft:purple_carpet":5,"minecraft:gravel":2,"minecraft:dirt":2,"minecraft:cobweb":8,"minecraft:stone":241,"minecraft:oak_leaves":14,"minecraft:deepslate":55},"minecraft:dropped":{"minecraft:gravel":1,"minecraft:iron_ingot":3,"minecraft:cobbled_deepslate":49,"minecraft:tuff":20,"minecraft:cooked_mutton":4,"minecraft:stick":13,"minecraft:torch":46,"minecraft:raw_iron_block":1,"minecraft:enchanted_book":1},"minecraft:broken":{"minecraft:stone_pickaxe":3,"minecraft:stone_axe":1},"minecraft:killed_by":{"minecraft:creeper":1},"minecraft:picked_up":{"minecraft:iron_chestplate":1,"minecraft:crafting_table":1,"minecraft:feather":4,"minecraft:chicken":4,"minecraft:glow_ink_sac":2,"minecraft:leather":1,"minecraft:brown_wool":1,"minecraft:flint":1,"minecraft:tuff":41,"minecraft:oak_log":138,"minecraft:shield":2,"minecraft:amethyst_block":21,"minecraft:lapis_lazuli":16,"minecraft:dirt":7,"minecraft:string":15,"minecraft:raw_copper":80,"minecraft:iron_leggings":1,"minecraft:purple_carpet":16,"minecraft:bone":30,"minecraft:apple":1,"minecraft:wheat_seeds":5,"minecraft:cobbled_deepslate":106,"minecraft:raw_gold":22,"minecraft:rabbit_hide":1,"minecraft:iron_ingot":10,"minecraft:light_gray_wool":1,"minecraft:rabbit":2,"minecraft:poppy":1,"minecraft:iron_pickaxe":2,"minecraft:oak_planks":12,"minecraft:iron_boots":1,"minecraft:egg":2,"minecraft:stick":14,"minecraft:raw_iron":76,"minecraft:torch":34,"minecraft:raw_iron_block":4,"minecraft:gravel":7,"minecraft:pointed_dripstone":1,"minecraft:diorite":29,"minecraft:redstone":136,"minecraft:stone_sword":1,"minecraft:purple_bed":2,"minecraft:arrow":16,"minecraft:rotten_flesh":3,"minecraft:iron_helmet":1,"minecraft:emerald":1,"minecraft:oak_sapling":6,"minecraft:black_wool":1,"minecraft:mutton":9,"minecraft:coal":62,"minecraft:white_wool":3,"minecraft:rail":9,"minecraft:cobblestone":290},"minecraft:crafted":{"minecraft:oak_planks":40,"minecraft:crafting_table":2,"minecraft:cooked_chicken":2,"minecraft:stone_axe":1,"minecraft:cooked_mutton":4,"minecraft:glass":128,"minecraft:stick":20,"minecraft:iron_ingot":2,"minecraft:stone_pickaxe":3,"minecraft:torch":52,"minecraft:cooked_rabbit":2}},"DataVersion":3465}