{"stats":{"minecraft:broken":{"minecraft:iron_shovel":3,"minecraft:stone_hoe":1,"minecraft:stone_pickaxe":5,"minecraft:iron_axe":2,"minecraft:stone_axe":2,"minecraft:iron_pickaxe":6,"minecraft:stone_shovel":2},"minecraft:custom":{"minecraft:interact_with_anvil":1,"minecraft:mob_kills":67,"minecraft:animals_bred":32,"minecraft:interact_with_crafting_table":59,"minecraft:open_barrel":7,"minecraft:leave_game":11,"minecraft:time_since_death":33532,"minecraft:climb_one_cm":18455,"minecraft:sprint_one_cm":750168,"minecraft:walk_one_cm":2414724,"minecraft:damage_blocked_by_shield":170,"minecraft:drop":80,"minecraft:play_time":702007,"minecraft:sneak_time":32459,"minecraft:deaths":6,"minecraft:walk_under_water_one_cm":12363,"minecraft:jump":3687,"minecraft:interact_with_blast_furnace":26,"minecraft:walk_on_water_one_cm":43377,"minecraft:total_world_time":702007,"minecraft:interact_with_furnace":30,"minecraft:interact_with_stonecutter":2,"minecraft:sleep_in_bed":10,"minecraft:time_since_rest":33579,"minecraft:damage_taken":4071,"minecraft:damage_dealt":5779,"minecraft:fly_one_cm":244215,"minecraft:open_chest":297,"minecraft:crouch_one_cm":62698,"minecraft:interact_with_smoker":49,"minecraft:fall_one_cm":53580,"minecraft:horse_one_cm":793},"minecraft:mined":{"minecraft:nether_gold_ore":22,"minecraft:tuff":105,"minecraft:oak_sapling":2,"minecraft:farmland":97,"minecraft:deepslate_diamond_ore":9,"minecraft:glow_lichen":1,"minecraft:granite":8,"minecraft:grass_block":303,"minecraft:crimson_roots":1,"minecraft:cracked_polished_blackstone_bricks":6,"minecraft:soul_soil":1,"minecraft:crimson_fungus":1,"minecraft:crimson_stem":20,"minecraft:gilded_blackstone":2,"minecraft:polished_blackstone_bricks":11,"minecraft:raw_iron_block":2,"minecraft:glowstone":14,"minecraft:carrots":7,"minecraft:iron_ore":48,"minecraft:pumpkin":3,"minecraft:deepslate_lapis_ore":8,"minecraft:potatoes":36,"minecraft:pointed_dripstone":1,"minecraft:cobblestone_slab":1,"minecraft:shroomlight":1,"minecraft:deepslate_iron_ore":70,"minecraft:lantern":2,"minecraft:oak_stairs":13,"minecraft:purple_carpet":5,"minecraft:stone":754,"minecraft:bone_block":32,"minecraft:oak_slab":9,"minecraft:deepslate_redstone_ore":47,"minecraft:soul_sand":17,"minecraft:blackstone":2,"minecraft:melon_stem":3,"minecraft:soul_fire":2,"minecraft:crimson_nylium":2,"minecraft:basalt":2,"minecraft:dandelion":20,"minecraft:oak_fence":133,"minecraft:cornflower":3,"minecraft:crafting_table":11,"minecraft:torch":11,"minecraft:poppy":2,"minecraft:chest":1,"minecraft:nether_quartz_ore":67,"minecraft:copper_ore":17,"minecraft:tall_grass":5,"minecraft:cobblestone":137,"minecraft:deepslate_gold_ore":27,"minecraft:lapis_ore":6,"minecraft:oak_planks":405,"minecraft:diorite":38,"minecraft:wall_torch":6,"minecraft:amethyst_block":21,"minecraft:purple_bed":2,"minecraft:nether_wart_block":2,"minecraft:wheat":88,"minecraft:warped_fungus":1,"minecraft:grass":44,"minecraft:coal_ore":125,"minecraft:oak_log":373,"minecraft:oak_fence_gate":2,"minecraft:gravel":43,"minecraft:sand":5,"minecraft:dripstone_block":7,"minecraft:dirt":825,"minecraft:cobweb":8,"minecraft:netherrack":37,"minecraft:gold_ore":2,"minecraft:oak_leaves":53,"minecraft:deepslate":670},"minecraft:picked_up":{"minecraft:crafting_table":11,"minecraft:iron_chestplate":2,"minecraft:wheat":61,"minecraft:chicken":4,"minecraft:ladder":1,"minecraft:oak_stairs":13,"minecraft:gilded_blackstone":3,"minecraft:shield":5,"minecraft:amethyst_block":21,"minecraft:cornflower":2,"minecraft:string":15,"minecraft:soul_soil":1,"minecraft:raw_copper":87,"minecraft:iron_axe":3,"minecraft:iron_leggings":5,"minecraft:blackstone":27,"minecraft:shroomlight":1,"minecraft:gold_nugget":177,"minecraft:cobbled_deepslate":720,"minecraft:bucket":3,"minecraft:beef":19,"minecraft:cobblestone_slab":1,"minecraft:poppy":4,"minecraft:iron_pickaxe":7,"minecraft:light_gray_wool":15,"minecraft:chest":1,"minecraft:iron_boots":2,"minecraft:egg":13,"minecraft:stick":35,"minecraft:raw_iron":111,"minecraft:oak_fence":132,"minecraft:torch":121,"minecraft:fire_charge":2,"minecraft:polished_blackstone_bricks":19,"minecraft:pointed_dripstone":3,"minecraft:diorite":47,"minecraft:carrot":11,"minecraft:redstone":275,"minecraft:golden_chestplate":2,"minecraft:stone_sword":1,"minecraft:arrow":27,"minecraft:stone_shovel":2,"minecraft:rotten_flesh":13,"minecraft:gold_ingot":8,"minecraft:bone_block":32,"minecraft:obsidian":2,"minecraft:mutton":27,"minecraft:rail":9,"minecraft:white_wool":15,"minecraft:cobblestone":808,"minecraft:glow_ink_sac":2,"minecraft:feather":4,"minecraft:cooked_beef":6,"minecraft:basalt":5,"minecraft:crimson_stem":79,"minecraft:leather":16,"minecraft:brown_wool":1,"minecraft:potato":65,"minecraft:flint":4,"minecraft:crimson_fungus":2,"minecraft:tuff":108,"minecraft:oak_log":397,"minecraft:golden_boots":2,"minecraft:nether_wart_block":4,"minecraft:lapis_lazuli":102,"minecraft:dirt":1034,"minecraft:lantern":3,"minecraft:white_banner":1,"minecraft:purple_carpet":16,"minecraft:cooked_mutton":5,"minecraft:bone":37,"minecraft:apple":1,"minecraft:bow":1,"minecraft:wheat_seeds":217,"minecraft:raw_gold":39,"minecraft:rabbit_hide":1,"minecraft:iron_ingot":32,"minecraft:oak_fence_gate":2,"minecraft:rabbit":3,"minecraft:glowstone_dust":54,"minecraft:iron_sword":4,"minecraft:oak_planks":422,"minecraft:soul_sand":33,"minecraft:oak_slab":11,"minecraft:warped_fungus":2,"minecraft:pumpkin":3,"minecraft:quartz":65,"minecraft:dandelion":22,"minecraft:raw_iron_block":4,"minecraft:dripstone_block":2,"minecraft:gravel":45,"minecraft:sand":4,"minecraft:purple_bed":2,"minecraft:diamond":9,"minecraft:cracked_polished_blackstone_bricks":15,"minecraft:iron_helmet":1,"minecraft:granite":8,"minecraft:gray_wool":2,"minecraft:emerald":1,"minecraft:baked_potato":30,"minecraft:netherrack":54,"minecraft:oak_sapling":31,"minecraft:melon_seeds":4,"minecraft:black_wool":2,"minecraft:coal":120,"minecraft:crimson_roots":3},"minecraft:killed_by":{"minecraft:piglin_brute":5,"minecraft:creeper":1},"minecraft:used":{"minecraft:oak_fence":260,"minecraft:iron_shovel":915,"minecraft:stone_sword":116,"minecraft:flint_and_steel":3,"minecraft:stone_shovel":264,"minecraft:ladder":6,"minecraft:chest":3,"minecraft:shield":5,"minecraft:iron_sword":43,"minecraft:cooked_chicken":4,"minecraft:rotten_flesh":2,"minecraft:stone_hoe":131,"minecraft:netherrack":20,"minecraft:torch":138,"minecraft:dirt":645,"minecraft:anvil":1,"minecraft:carrot":10,"minecraft:oak_fence_gate":7,"minecraft:glass":82,"minecraft:lava_bucket":5,"minecraft:iron_axe":647,"minecraft:oak_stairs":25,"minecraft:crimson_planks":43,"minecraft:melon_seeds":7,"minecraft:item_frame":6,"minecraft:bow":30,"minecraft:oak_sapling":31,"minecraft:furnace":1,"minecraft:cooked_mutton":13,"minecraft:egg":8,"minecraft:potato":32,"minecraft:cooked_beef":6,"minecraft:pumpkin":3,"minecraft:cobbled_deepslate":19,"minecraft:water_bucket":88,"minecraft:amethyst_block":21,"minecraft:wheat_seeds":112,"minecraft:baked_potato":7,"minecraft:oak_planks":1416,"minecraft:stone_pickaxe":683,"minecraft:blackstone":4,"minecraft:cobblestone_slab":1,"minecraft:polished_blackstone_bricks":3,"minecraft:sand":11,"minecraft:oak_slab":137,"minecraft:crafting_table":17,"minecraft:wooden_hoe":41,"minecraft:apple":4,"minecraft:bread":5,"minecraft:iron_pickaxe":1686,"minecraft:stone_axe":400,"minecraft:cobblestone":286,"minecraft:purple_bed":2,"minecraft:cooked_porkchop":6,"minecraft:cooked_rabbit":3,"minecraft:bucket":92,"minecraft:purple_carpet":16},"minecraft:killed":{"minecraft:cave_spider":2,"minecraft:skeleton":3,"minecraft:chicken":3,"minecraft:piglin_brute":2,"minecraft:magma_cube":1,"minecraft:piglin":4,"minecraft:rabbit":1,"minecraft:wandering_trader":1,"minecraft:sheep":17,"minecraft:zombie":4,"minecraft:cow":9},"minecraft:crafted":{"minecraft:oak_planks":1416,"minecraft:cobblestone_slab":6,"minecraft:stone_shovel":2,"minecraft:golden_chestplate":2,"minecraft:cooked_chicken":4,"minecraft:furnace":1,"minecraft:bone_meal":3,"minecraft:cooked_mutton":13,"minecraft:glass":128,"minecraft:iron_axe":6,"minecraft:melon_seeds":1,"minecraft:ladder":6,"minecraft:stone_pickaxe":6,"minecraft:chest":2,"minecraft:stone_hoe":1,"minecraft:oak_fence":102,"minecraft:cooked_rabbit":2,"minecraft:golden_boots":2,"minecraft:cooked_beef":12,"minecraft:oak_slab":126,"minecraft:item_frame":6,"minecraft:crimson_planks":64,"minecraft:cooked_porkchop":5,"minecraft:crafting_table":6,"minecraft:baked_potato":37,"minecraft:iron_sword":1,"minecraft:birch_planks":40,"minecraft:stone_axe":3,"minecraft:bread":3,"minecraft:oak_fence_gate":6,"minecraft:wooden_hoe":1,"minecraft:diamond_pickaxe":1,"minecraft:stick":256,"minecraft:iron_ingot":64,"minecraft:iron_pickaxe":12,"minecraft:oak_stairs":12,"minecraft:iron_block":10,"minecraft:iron_shovel":4,"minecraft:gold_ingot":56,"minecraft:anvil":1,"minecraft:torch":132},"minecraft:dropped":{"minecraft:enchanted_book":1,"minecraft:golden_boots":2,"minecraft:iron_ingot":3,"minecraft:iron_sword":3,"minecraft:cooked_beef":5,"minecraft:warped_fungus":2,"minecraft:baked_potato":12,"minecraft:dripstone_block":2,"minecraft:cooked_porkchop":3,"minecraft:cobblestone":56,"minecraft:stick":13,"minecraft:dirt":254,"minecraft:diorite":16,"minecraft:torch":46,"minecraft:crimson_roots":3,"minecraft:iron_axe":2,"minecraft:raw_iron_block":1,"minecraft:iron_pickaxe":6,"minecraft:dandelion":4,"minecraft:gold_ingot":8,"minecraft:gravel":39,"minecraft:crimson_fungus":2,"minecraft:stone_axe":1,"minecraft:soul_soil":1,"minecraft:golden_chestplate":1,"minecraft:cobbled_deepslate":633,"minecraft:tuff":87,"minecraft:stone_shovel":2,"minecraft:pointed_dripstone":2,"minecraft:cooked_mutton":9,"minecraft:shield":1,"minecraft:diamond_pickaxe":1,"minecraft:quartz":1,"minecraft:egg":1}},"DataVersion":3465}