{"stats":{"minecraft:crafted":{"minecraft:grindstone":1,"minecraft:smooth_stone":383,"minecraft:oak_planks":1776,"minecraft:cobblestone_slab":6,"minecraft:barrel":1,"minecraft:cooked_chicken":61,"minecraft:loom":1,"minecraft:stone":785,"minecraft:bookshelf":1,"minecraft:cooked_mutton":13,"minecraft:quartz_block":23,"minecraft:glass":253,"minecraft:melon_seeds":2,"minecraft:chest":2,"minecraft:chiseled_stone_bricks":377,"minecraft:stone_hoe":1,"minecraft:oak_fence":129,"minecraft:cooked_rabbit":3,"minecraft:golden_boots":2,"minecraft:smoker":1,"minecraft:quartz_stairs":4,"minecraft:item_frame":10,"minecraft:oak_slab":294,"minecraft:cauldron":1,"minecraft:emerald":1,"minecraft:cooked_porkchop":46,"minecraft:crafting_table":18,"minecraft:baked_potato":92,"minecraft:smithing_table":1,"minecraft:fletching_table":1,"minecraft:birch_planks":128,"minecraft:crimson_pressure_plate":14,"minecraft:brewing_stand":1,"minecraft:pumpkin_seeds":4,"minecraft:campfire":3,"minecraft:cartography_table":1,"minecraft:lectern":1,"minecraft:wooden_hoe":3,"minecraft:book":4,"minecraft:paper":15,"minecraft:diamond_pickaxe":1,"minecraft:stick":408,"minecraft:stone_slab":30,"minecraft:iron_ingot":125,"minecraft:iron_pickaxe":15,"minecraft:iron_block":10,"minecraft:gold_ingot":56,"minecraft:composter":1,"minecraft:stone_shovel":4,"minecraft:fishing_rod":2,"minecraft:smooth_stone_slab":6,"minecraft:golden_chestplate":2,"minecraft:furnace":2,"minecraft:blast_furnace":1,"minecraft:bone_meal":3,"minecraft:white_carpet":15,"minecraft:glass_pane":96,"minecraft:iron_axe":6,"minecraft:ladder":6,"minecraft:stone_pickaxe":8,"minecraft:quartz_slab":6,"minecraft:golden_helmet":2,"minecraft:cooked_beef":12,"minecraft:crimson_planks":192,"minecraft:crimson_slab":24,"minecraft:iron_sword":2,"minecraft:bucket":2,"minecraft:stone_axe":4,"minecraft:glowstone":10,"minecraft:bread":3,"minecraft:crimson_stairs":28,"minecraft:oak_fence_gate":6,"minecraft:oak_stairs":12,"minecraft:crimson_fence":21,"minecraft:iron_shovel":6,"minecraft:anvil":1,"minecraft:stonecutter":1,"minecraft:white_bed":11,"minecraft:torch":172},"minecraft:killed_by":{"minecraft:wither_skeleton":1,"minecraft:zombified_piglin":1,"minecraft:piglin_brute":5,"minecraft:creeper":1,"minecraft:player":1,"minecraft:warden":11,"minecraft:skeleton":2},"minecraft:dropped":{"minecraft:iron_sword":3,"minecraft:birch_planks":23,"minecraft:warped_fungus":2,"minecraft:cooked_beef":5,"minecraft:baked_potato":12,"minecraft:diamond":6,"minecraft:cooked_porkchop":3,"minecraft:fletching_table":1,"minecraft:music_disc_13":1,"minecraft:dirt":401,"minecraft:crimson_roots":3,"minecraft:iron_pickaxe":7,"minecraft:gold_ingot":10,"minecraft:gravel":39,"minecraft:crimson_fungus":2,"minecraft:stone_axe":1,"minecraft:golden_chestplate":1,"minecraft:cobbled_deepslate":633,"minecraft:wheat":3,"minecraft:pointed_dripstone":8,"minecraft:cooked_mutton":9,"minecraft:quartz":1,"minecraft:egg":35,"minecraft:iron_ingot":3,"minecraft:golden_boots":2,"minecraft:enchanted_book":1,"minecraft:golden_helmet":1,"minecraft:dripstone_block":2,"minecraft:feather":3,"minecraft:cobblestone":332,"minecraft:book":1,"minecraft:coal":3,"minecraft:golden_apple":1,"minecraft:stick":15,"minecraft:diorite":18,"minecraft:ink_sac":1,"minecraft:torch":46,"minecraft:iron_axe":2,"minecraft:raw_iron_block":1,"minecraft:bucket":1,"minecraft:dandelion":4,"minecraft:soul_soil":1,"minecraft:nether_wart":26,"minecraft:tuff":87,"minecraft:stone_shovel":2,"minecraft:white_carpet":2,"minecraft:shield":1,"minecraft:diamond_pickaxe":2,"minecraft:golden_sword":1,"minecraft:birch_boat":1,"minecraft:stone_pickaxe":1},"minecraft:picked_up":{"minecraft:iron_chestplate":10,"minecraft:wheat":300,"minecraft:stone_slab":2,"minecraft:lead":3,"minecraft:oak_stairs":13,"minecraft:potion":1,"minecraft:gilded_blackstone":3,"minecraft:crimson_planks":11,"minecraft:golden_sword":2,"minecraft:amethyst_block":21,"minecraft:string":23,"minecraft:raw_copper":115,"minecraft:soul_soil":1,"minecraft:smooth_stone_slab":1,"minecraft:iron_leggings":11,"minecraft:pufferfish":4,"minecraft:shroomlight":1,"minecraft:beetroot":48,"minecraft:diamond_leggings":3,"minecraft:cobbled_deepslate":976,"minecraft:gold_nugget":177,"minecraft:smooth_stone":125,"minecraft:crimson_fence":16,"minecraft:bucket":6,"minecraft:cobblestone_slab":1,"minecraft:iron_pickaxe":33,"minecraft:melon_slice":201,"minecraft:iron_boots":9,"minecraft:golden_helmet":2,"minecraft:stick":47,"minecraft:crimson_pressure_plate":16,"minecraft:oak_fence":133,"minecraft:torch":193,"minecraft:pointed_dripstone":14,"minecraft:diorite":83,"minecraft:golden_chestplate":3,"minecraft:quartz_block":6,"minecraft:stone_sword":2,"minecraft:rotten_flesh":85,"minecraft:obsidian":2,"minecraft:cod":15,"minecraft:cobblestone":1841,"minecraft:birch_log":51,"minecraft:magma_cream":1,"minecraft:feather":38,"minecraft:cooked_beef":17,"minecraft:water_bucket":2,"minecraft:andesite":1,"minecraft:brown_wool":1,"minecraft:potato":242,"minecraft:flint":18,"minecraft:tuff":125,"minecraft:lapis_lazuli":111,"minecraft:dirt":1661,"minecraft:lantern":3,"minecraft:name_tag":1,"minecraft:purple_carpet":16,"minecraft:bone":112,"minecraft:bow":7,"minecraft:wheat_seeds":958,"minecraft:raw_gold":50,"minecraft:rabbit":5,"minecraft:glowstone_dust":70,"minecraft:oak_planks":526,"minecraft:cooked_porkchop":16,"minecraft:music_disc_13":3,"minecraft:poisonous_potato":1,"minecraft:sand":59,"minecraft:ink_sac":1,"minecraft:mossy_cobblestone":22,"minecraft:diamond":10,"minecraft:cracked_polished_blackstone_bricks":15,"minecraft:granite":8,"minecraft:golden_horse_armor":1,"minecraft:emerald":1,"minecraft:bread":2,"minecraft:oak_sapling":45,"minecraft:netherrack":204,"minecraft:diamond_pickaxe":1,"minecraft:crimson_roots":3,"minecraft:charcoal":2,"minecraft:crafting_table":25,"minecraft:azure_bluet":1,"minecraft:nether_wart":23,"minecraft:chicken":29,"minecraft:ladder":1,"minecraft:shield":12,"minecraft:cornflower":11,"minecraft:flint_and_steel":1,"minecraft:iron_axe":10,"minecraft:white_carpet":11,"minecraft:iron_shovel":4,"minecraft:blackstone":28,"minecraft:beef":19,"minecraft:poppy":4,"minecraft:quartz_stairs":1,"minecraft:light_gray_wool":19,"minecraft:lectern":1,"minecraft:sugar_cane":106,"minecraft:chest":1,"minecraft:birch_sapling":1,"minecraft:egg":355,"minecraft:raw_iron":162,"minecraft:stone":43,"minecraft:fire_charge":2,"minecraft:polished_blackstone_bricks":19,"minecraft:carrot":151,"minecraft:redstone":297,"minecraft:arrow":164,"minecraft:stone_shovel":2,"minecraft:beetroot_seeds":130,"minecraft:nether_bricks":4,"minecraft:diamond_boots":1,"minecraft:saddle":3,"minecraft:gold_ingot":9,"minecraft:mutton":27,"minecraft:bone_block":32,"minecraft:rail":9,"minecraft:white_wool":37,"minecraft:crimson_slab":21,"minecraft:basalt":7,"minecraft:glow_ink_sac":4,"minecraft:crimson_stem":79,"minecraft:salmon":8,"minecraft:leather":16,"minecraft:crimson_fungus":2,"minecraft:oak_log":517,"minecraft:golden_boots":2,"minecraft:nether_wart_block":4,"minecraft:gunpowder":5,"minecraft:wooden_hoe":2,"minecraft:paper":1,"minecraft:white_banner":1,"minecraft:cooked_mutton":5,"minecraft:apple":3,"minecraft:kelp":59,"minecraft:rabbit_hide":4,"minecraft:iron_ingot":34,"minecraft:oak_fence_gate":2,"minecraft:stone_pickaxe":10,"minecraft:cooked_chicken":54,"minecraft:iron_sword":11,"minecraft:soul_sand":34,"minecraft:sculk_catalyst":2,"minecraft:oak_slab":72,"minecraft:warped_fungus":2,"minecraft:birch_boat":1,"minecraft:pumpkin":32,"minecraft:chiseled_stone_bricks":5,"minecraft:quartz":84,"minecraft:dandelion":35,"minecraft:spyglass":3,"minecraft:raw_iron_block":4,"minecraft:dripstone_block":2,"minecraft:gravel":112,"minecraft:crimson_stairs":35,"minecraft:blast_furnace":1,"minecraft:spider_eye":5,"minecraft:pumpkin_seeds":6,"minecraft:purple_bed":2,"minecraft:iron_helmet":7,"minecraft:gray_wool":2,"minecraft:baked_potato":47,"minecraft:melon_seeds":4,"minecraft:black_wool":2,"minecraft:coal":698},"minecraft:used":{"minecraft:iron_shovel":1461,"minecraft:ladder":6,"minecraft:shield":45,"minecraft:chest":3,"minecraft:iron_sword":278,"minecraft:stone":1,"minecraft:quartz_stairs":5,"minecraft:rotten_flesh":3,"minecraft:soul_sand":1,"minecraft:carrot":81,"minecraft:glass":106,"minecraft:lava_bucket":5,"minecraft:quartz_slab":4,"minecraft:quartz_block":14,"minecraft:item_frame":10,"minecraft:bow":136,"minecraft:oak_sapling":31,"minecraft:furnace":1,"minecraft:beetroot_seeds":73,"minecraft:egg":162,"minecraft:potato":85,"minecraft:oak_planks":1636,"minecraft:stone_pickaxe":954,"minecraft:blackstone":4,"minecraft:composter":1,"minecraft:sugar_cane":14,"minecraft:sand":25,"minecraft:loom":1,"minecraft:blast_furnace":2,"minecraft:pumpkin_seeds":7,"minecraft:bread":5,"minecraft:lectern":2,"minecraft:gravel":7,"minecraft:grindstone":1,"minecraft:smithing_table":1,"minecraft:cooked_rabbit":4,"minecraft:andesite":1,"minecraft:smooth_stone_slab":7,"minecraft:oak_fence":285,"minecraft:stone_sword":116,"minecraft:crimson_fence":19,"minecraft:flint_and_steel":3,"minecraft:stone_shovel":421,"minecraft:stone_hoe":131,"minecraft:cooked_chicken":19,"minecraft:netherrack":65,"minecraft:torch":213,"minecraft:brewing_stand":1,"minecraft:spyglass":6,"minecraft:dirt":859,"minecraft:anvil":1,"minecraft:white_carpet":20,"minecraft:salmon_bucket":2,"minecraft:oak_fence_gate":7,"minecraft:iron_axe":921,"minecraft:oak_stairs":25,"minecraft:crimson_slab":37,"minecraft:crimson_planks":54,"minecraft:barrel":1,"minecraft:melon_seeds":8,"minecraft:glowstone":8,"minecraft:basalt":11,"minecraft:crimson_pressure_plate":19,"minecraft:cooked_beef":10,"minecraft:cobbled_deepslate":179,"minecraft:pumpkin":3,"minecraft:wheat_seeds":409,"minecraft:cooked_mutton":16,"minecraft:water_bucket":164,"minecraft:amethyst_block":21,"minecraft:baked_potato":30,"minecraft:cartography_table":1,"minecraft:cauldron":1,"minecraft:stonecutter":1,"minecraft:cobblestone_slab":1,"minecraft:polished_blackstone_bricks":3,"minecraft:mossy_cobblestone":6,"minecraft:crafting_table":36,"minecraft:oak_slab":368,"minecraft:white_bed":13,"minecraft:campfire":3,"minecraft:smoker":1,"minecraft:wooden_hoe":114,"minecraft:diamond_pickaxe":917,"minecraft:apple":4,"minecraft:diamond_shovel":60,"minecraft:chicken":1,"minecraft:iron_pickaxe":2576,"minecraft:stone_slab":4,"minecraft:stone_axe":533,"minecraft:chiseled_stone_bricks":369,"minecraft:fishing_rod":42,"minecraft:cobblestone":466,"minecraft:purple_bed":2,"minecraft:crimson_stairs":46,"minecraft:cooked_porkchop":19,"minecraft:bucket":170,"minecraft:glass_pane":78,"minecraft:kelp":30,"minecraft:purple_carpet":16,"minecraft:smooth_stone":603},"minecraft:killed":{"minecraft:cave_spider":2,"minecraft:spider":5,"minecraft:skeleton":30,"minecraft:chicken":36,"minecraft:piglin_brute":2,"minecraft:magma_cube":7,"minecraft:piglin":4,"minecraft:pig":1,"minecraft:creeper":3,"minecraft:sheep":17,"minecraft:zombie":21,"minecraft:blaze":4,"minecraft:cow":9,"minecraft:warden":1,"minecraft:rabbit":2,"minecraft:wandering_trader":1,"minecraft:wither_skeleton":3},"minecraft:broken":{"minecraft:iron_shovel":5,"minecraft:stone_pickaxe":7,"minecraft:stone_axe":3,"minecraft:stone_shovel":3,"minecraft:stone_hoe":1,"minecraft:iron_axe":2,"minecraft:iron_pickaxe":8,"minecraft:wooden_hoe":1},"minecraft:mined":{"minecraft:oak_sapling":2,"minecraft:farmland":100,"minecraft:sculk_vein":31,"minecraft:granite":8,"minecraft:grass_block":474,"minecraft:cracked_polished_blackstone_bricks":6,"minecraft:soul_soil":1,"minecraft:crimson_fungus":1,"minecraft:nether_wart":20,"minecraft:chiseled_stone_bricks":5,"minecraft:gilded_blackstone":2,"minecraft:smooth_stone":126,"minecraft:polished_blackstone_bricks":11,"minecraft:raw_iron_block":2,"minecraft:glowstone":15,"minecraft:sculk_catalyst":4,"minecraft:iron_ore":74,"minecraft:cobbled_deepslate":9,"minecraft:pumpkin":32,"minecraft:deepslate_lapis_ore":9,"minecraft:sculk_shrieker":2,"minecraft:pointed_dripstone":7,"minecraft:oak_stairs":13,"minecraft:purple_carpet":5,"minecraft:deepslate_redstone_ore":50,"minecraft:quartz_block":6,"minecraft:blackstone":4,"minecraft:kelp_plant":1,"minecraft:melon_stem":3,"minecraft:crimson_nylium":2,"minecraft:soul_fire":2,"minecraft:torch":36,"minecraft:blast_furnace":1,"minecraft:poppy":2,"minecraft:melon":35,"minecraft:chest":1,"minecraft:glass":44,"minecraft:nether_quartz_ore":83,"minecraft:cobblestone":229,"minecraft:oak_planks":508,"minecraft:sugar_cane":68,"minecraft:crimson_stairs":35,"minecraft:wall_torch":20,"minecraft:amethyst_block":21,"minecraft:nether_wart_block":2,"minecraft:birch_log":51,"minecraft:wheat":387,"minecraft:warped_fungus":1,"minecraft:smooth_stone_slab":2,"minecraft:grass":56,"minecraft:oak_log":429,"minecraft:beetroots":49,"minecraft:oak_fence_gate":2,"minecraft:sand":70,"minecraft:dirt":1239,"minecraft:crimson_planks":11,"minecraft:netherrack":59,"minecraft:oak_leaves":79,"minecraft:deepslate":886,"minecraft:nether_gold_ore":22,"minecraft:tuff":135,"minecraft:quartz_stairs":1,"minecraft:mossy_cobblestone":21,"minecraft:deepslate_diamond_ore":10,"minecraft:nether_bricks":2,"minecraft:glow_lichen":1,"minecraft:crimson_roots":1,"minecraft:kelp":1,"minecraft:crimson_stem":20,"minecraft:carrots":59,"minecraft:andesite":1,"minecraft:potatoes":91,"minecraft:deepslate_iron_ore":75,"minecraft:shroomlight":1,"minecraft:cobblestone_slab":1,"minecraft:lantern":2,"minecraft:stone":1626,"minecraft:bone_block":32,"minecraft:oak_slab":62,"minecraft:glass_pane":58,"minecraft:soul_sand":17,"minecraft:basalt":4,"minecraft:dandelion":23,"minecraft:oak_fence":133,"minecraft:crafting_table":25,"minecraft:cornflower":8,"minecraft:crimson_slab":18,"minecraft:sculk_sensor":22,"minecraft:campfire":1,"minecraft:stone_slab":2,"minecraft:copper_ore":23,"minecraft:tall_grass":7,"minecraft:lapis_ore":6,"minecraft:deepslate_gold_ore":39,"minecraft:crimson_pressure_plate":10,"minecraft:sculk":109,"minecraft:diorite":57,"minecraft:purple_bed":2,"minecraft:white_carpet":9,"minecraft:birch_leaves":3,"minecraft:coal_ore":501,"minecraft:gravel":127,"minecraft:dripstone_block":7,"minecraft:cobweb":8,"minecraft:crimson_fence":16,"minecraft:gold_ore":2},"minecraft:custom":{"minecraft:animals_bred":77,"minecraft:interact_with_crafting_table":143,"minecraft:open_barrel":12,"minecraft:leave_game":29,"minecraft:time_since_death":25980,"minecraft:sprint_one_cm":2338277,"minecraft:damage_blocked_by_shield":1680,"minecraft:drop":125,"minecraft:talked_to_villager":5,"minecraft:play_time":1619977,"minecraft:deaths":23,"minecraft:jump":7395,"minecraft:interact_with_brewingstand":1,"minecraft:walk_on_water_one_cm":110217,"minecraft:interact_with_furnace":293,"minecraft:traded_with_villager":1,"minecraft:sleep_in_bed":32,"minecraft:damage_dealt":13417,"minecraft:crouch_one_cm":188879,"minecraft:interact_with_smoker":84,"minecraft:horse_one_cm":866,"minecraft:interact_with_anvil":2,"minecraft:mob_kills":176,"minecraft:inspect_hopper":1,"minecraft:climb_one_cm":47344,"minecraft:walk_one_cm":5107514,"minecraft:sneak_time":101675,"minecraft:walk_under_water_one_cm":57309,"minecraft:boat_one_cm":11765,"minecraft:interact_with_blast_furnace":50,"minecraft:total_world_time":1619977,"minecraft:tune_noteblock":3,"minecraft:interact_with_grindstone":1,"minecraft:interact_with_stonecutter":23,"minecraft:time_since_rest":7146,"minecraft:damage_taken":11558,"minecraft:swim_one_cm":25438,"minecraft:fly_one_cm":562780,"minecraft:open_chest":835,"minecraft:fish_caught":25,"minecraft:fall_one_cm":116779}},"DataVersion":3465}