{"stats":{"minecraft:crafted":{"minecraft:oak_planks":1292,"minecraft:cobblestone_slab":6,"minecraft:stone_shovel":2,"minecraft:cooked_chicken":4,"minecraft:cooked_mutton":6,"minecraft:glass":128,"minecraft:iron_axe":3,"minecraft:ladder":6,"minecraft:stone_pickaxe":4,"minecraft:chest":2,"minecraft:stone_hoe":1,"minecraft:oak_fence":102,"minecraft:cooked_rabbit":2,"minecraft:oak_slab":18,"minecraft:crafting_table":4,"minecraft:stone_axe":3,"minecraft:oak_fence_gate":6,"minecraft:stick":140,"minecraft:iron_ingot":56,"minecraft:iron_pickaxe":2,"minecraft:oak_stairs":12,"minecraft:iron_block":6,"minecraft:iron_shovel":4,"minecraft:torch":64},"minecraft:killed_by":{"minecraft:creeper":1},"minecraft:dropped":{"minecraft:enchanted_book":1,"minecraft:iron_ingot":3,"minecraft:cobblestone":12,"minecraft:stick":13,"minecraft:dirt":254,"minecraft:torch":46,"minecraft:iron_axe":1,"minecraft:raw_iron_block":1,"minecraft:dandelion":4,"minecraft:gravel":1,"minecraft:stone_axe":1,"minecraft:cobbled_deepslate":53,"minecraft:tuff":20,"minecraft:stone_shovel":2,"minecraft:cooked_mutton":4,"minecraft:egg":1},"minecraft:picked_up":{"minecraft:crafting_table":9,"minecraft:iron_chestplate":1,"minecraft:wheat":21,"minecraft:chicken":4,"minecraft:ladder":1,"minecraft:oak_stairs":13,"minecraft:shield":2,"minecraft:amethyst_block":21,"minecraft:cornflower":2,"minecraft:iron_axe":1,"minecraft:string":15,"minecraft:raw_copper":80,"minecraft:iron_leggings":1,"minecraft:cobbled_deepslate":106,"minecraft:cobblestone_slab":1,"minecraft:poppy":4,"minecraft:iron_pickaxe":2,"minecraft:light_gray_wool":1,"minecraft:iron_boots":1,"minecraft:egg":2,"minecraft:stick":35,"minecraft:raw_iron":76,"minecraft:oak_fence":130,"minecraft:torch":46,"minecraft:pointed_dripstone":1,"minecraft:diorite":29,"minecraft:redstone":136,"minecraft:rotten_flesh":9,"minecraft:arrow":18,"minecraft:stone_sword":1,"minecraft:stone_shovel":2,"minecraft:mutton":11,"minecraft:rail":9,"minecraft:white_wool":4,"minecraft:cobblestone":572,"minecraft:feather":4,"minecraft:glow_ink_sac":2,"minecraft:brown_wool":1,"minecraft:leather":1,"minecraft:flint":1,"minecraft:tuff":41,"minecraft:oak_log":367,"minecraft:lapis_lazuli":16,"minecraft:dirt":950,"minecraft:white_banner":1,"minecraft:purple_carpet":16,"minecraft:bone":31,"minecraft:apple":1,"minecraft:wheat_seeds":82,"minecraft:raw_gold":22,"minecraft:oak_fence_gate":2,"minecraft:rabbit_hide":1,"minecraft:iron_ingot":10,"minecraft:rabbit":2,"minecraft:oak_planks":368,"minecraft:oak_slab":7,"minecraft:pumpkin":3,"minecraft:dandelion":22,"minecraft:raw_iron_block":4,"minecraft:gravel":7,"minecraft:purple_bed":2,"minecraft:iron_helmet":1,"minecraft:emerald":1,"minecraft:oak_sapling":29,"minecraft:melon_seeds":1,"minecraft:black_wool":2,"minecraft:coal":62},"minecraft:used":{"minecraft:oak_fence":258,"minecraft:stone_sword":116,"minecraft:iron_shovel":824,"minecraft:stone_shovel":264,"minecraft:ladder":6,"minecraft:chest":2,"minecraft:shield":5,"minecraft:cooked_chicken":2,"minecraft:stone_hoe":89,"minecraft:rotten_flesh":2,"minecraft:torch":56,"minecraft:dirt":499,"minecraft:oak_fence_gate":7,"minecraft:glass":82,"minecraft:lava_bucket":5,"minecraft:iron_axe":559,"minecraft:oak_stairs":25,"minecraft:melon_seeds":2,"minecraft:oak_sapling":6,"minecraft:cobbled_deepslate":2,"minecraft:pumpkin":3,"minecraft:wheat_seeds":19,"minecraft:cooked_mutton":8,"minecraft:water_bucket":26,"minecraft:amethyst_block":21,"minecraft:stone_pickaxe":541,"minecraft:oak_planks":1401,"minecraft:cobblestone_slab":1,"minecraft:oak_slab":25,"minecraft:crafting_table":12,"minecraft:apple":4,"minecraft:bread":2,"minecraft:iron_pickaxe":501,"minecraft:stone_axe":400,"minecraft:cobblestone":203,"minecraft:purple_bed":2,"minecraft:cooked_porkchop":5,"minecraft:cooked_rabbit":3,"minecraft:bucket":31,"minecraft:purple_carpet":16},"minecraft:killed":{"minecraft:cave_spider":2,"minecraft:skeleton":3,"minecraft:chicken":3,"minecraft:rabbit":1,"minecraft:wandering_trader":1,"minecraft:sheep":7,"minecraft:zombie":3},"minecraft:broken":{"minecraft:iron_shovel":3,"minecraft:stone_pickaxe":4,"minecraft:iron_axe":2,"minecraft:stone_axe":2,"minecraft:iron_pickaxe":2,"minecraft:stone_shovel":2},"minecraft:mined":{"minecraft:tuff":21,"minecraft:farmland":86,"minecraft:grass_block":302,"minecraft:raw_iron_block":2,"minecraft:iron_ore":24,"minecraft:pumpkin":3,"minecraft:pointed_dripstone":1,"minecraft:deepslate_iron_ore":56,"minecraft:cobblestone_slab":1,"minecraft:oak_stairs":13,"minecraft:purple_carpet":5,"minecraft:stone":550,"minecraft:deepslate_redstone_ore":17,"minecraft:oak_slab":7,"minecraft:melon_stem":1,"minecraft:dandelion":20,"minecraft:oak_fence":131,"minecraft:crafting_table":9,"minecraft:cornflower":3,"minecraft:torch":6,"minecraft:poppy":2,"minecraft:cobblestone":134,"minecraft:tall_grass":5,"minecraft:copper_ore":17,"minecraft:deepslate_gold_ore":12,"minecraft:oak_planks":374,"minecraft:diorite":21,"minecraft:wall_torch":2,"minecraft:amethyst_block":21,"minecraft:purple_bed":2,"minecraft:wheat":24,"minecraft:grass":40,"minecraft:oak_log":373,"minecraft:coal_ore":65,"minecraft:oak_fence_gate":2,"minecraft:gravel":2,"minecraft:dirt":741,"minecraft:cobweb":8,"minecraft:oak_leaves":51,"minecraft:deepslate":55},"minecraft:custom":{"minecraft:mob_kills":35,"minecraft:animals_bred":12,"minecraft:interact_with_crafting_table":36,"minecraft:open_barrel":1,"minecraft:leave_game":6,"minecraft:time_since_death":291550,"minecraft:climb_one_cm":14782,"minecraft:sprint_one_cm":340320,"minecraft:walk_one_cm":1318657,"minecraft:damage_blocked_by_shield":170,"minecraft:drop":26,"minecraft:play_time":382490,"minecraft:deaths":1,"minecraft:sneak_time":7282,"minecraft:walk_under_water_one_cm":2643,"minecraft:jump":1945,"minecraft:interact_with_blast_furnace":9,"minecraft:walk_on_water_one_cm":20074,"minecraft:total_world_time":382490,"minecraft:interact_with_furnace":24,"minecraft:interact_with_stonecutter":1,"minecraft:sleep_in_bed":6,"minecraft:time_since_rest":110865,"minecraft:damage_taken":1595,"minecraft:damage_dealt":3028,"minecraft:fly_one_cm":125554,"minecraft:open_chest":132,"minecraft:crouch_one_cm":17128,"minecraft:interact_with_smoker":19,"minecraft:fall_one_cm":24677}},"DataVersion":3465}