{"stats":{"minecraft:broken":{"minecraft:iron_shovel":5,"minecraft:stone_pickaxe":7,"minecraft:stone_axe":2,"minecraft:stone_shovel":2,"minecraft:stone_hoe":1,"minecraft:iron_axe":2,"minecraft:iron_pickaxe":6,"minecraft:wooden_hoe":1},"minecraft:custom":{"minecraft:animals_bred":61,"minecraft:interact_with_crafting_table":102,"minecraft:open_barrel":11,"minecraft:leave_game":21,"minecraft:time_since_death":26717,"minecraft:sprint_one_cm":1112446,"minecraft:damage_blocked_by_shield":510,"minecraft:drop":88,"minecraft:play_time":1044753,"minecraft:deaths":20,"minecraft:jump":4937,"minecraft:walk_on_water_one_cm":53889,"minecraft:interact_with_furnace":39,"minecraft:sleep_in_bed":14,"minecraft:damage_dealt":7618,"minecraft:crouch_one_cm":139315,"minecraft:interact_with_smoker":61,"minecraft:horse_one_cm":866,"minecraft:mob_kills":78,"minecraft:interact_with_anvil":1,"minecraft:climb_one_cm":28690,"minecraft:walk_one_cm":3370909,"minecraft:sneak_time":68085,"minecraft:walk_under_water_one_cm":25758,"minecraft:interact_with_blast_furnace":34,"minecraft:total_world_time":1044753,"minecraft:interact_with_stonecutter":2,"minecraft:time_since_rest":26775,"minecraft:damage_taken":9090,"minecraft:swim_one_cm":497,"minecraft:fly_one_cm":358180,"minecraft:open_chest":499,"minecraft:fall_one_cm":78881},"minecraft:mined":{"minecraft:oak_sapling":2,"minecraft:farmland":100,"minecraft:sculk_vein":31,"minecraft:granite":8,"minecraft:grass_block":334,"minecraft:cracked_polished_blackstone_bricks":6,"minecraft:soul_soil":1,"minecraft:crimson_fungus":1,"minecraft:gilded_blackstone":2,"minecraft:polished_blackstone_bricks":11,"minecraft:raw_iron_block":2,"minecraft:sculk_catalyst":4,"minecraft:glowstone":14,"minecraft:iron_ore":56,"minecraft:cobbled_deepslate":4,"minecraft:pumpkin":14,"minecraft:deepslate_lapis_ore":8,"minecraft:sculk_shrieker":2,"minecraft:pointed_dripstone":4,"minecraft:oak_stairs":13,"minecraft:purple_carpet":5,"minecraft:deepslate_redstone_ore":48,"minecraft:quartz_block":6,"minecraft:blackstone":2,"minecraft:melon_stem":3,"minecraft:crimson_nylium":2,"minecraft:soul_fire":2,"minecraft:torch":11,"minecraft:poppy":2,"minecraft:melon":13,"minecraft:chest":1,"minecraft:glass":16,"minecraft:nether_quartz_ore":67,"minecraft:cobblestone":145,"minecraft:sugar_cane":38,"minecraft:oak_planks":495,"minecraft:crimson_stairs":25,"minecraft:wall_torch":16,"minecraft:amethyst_block":21,"minecraft:nether_wart_block":2,"minecraft:wheat":198,"minecraft:warped_fungus":1,"minecraft:grass":44,"minecraft:oak_log":373,"minecraft:oak_fence_gate":2,"minecraft:sand":17,"minecraft:dirt":1220,"minecraft:crimson_planks":11,"minecraft:netherrack":37,"minecraft:oak_leaves":53,"minecraft:deepslate":734,"minecraft:nether_gold_ore":22,"minecraft:tuff":130,"minecraft:quartz_stairs":1,"minecraft:deepslate_diamond_ore":10,"minecraft:glow_lichen":1,"minecraft:crimson_roots":1,"minecraft:crimson_stem":20,"minecraft:carrots":26,"minecraft:andesite":1,"minecraft:potatoes":59,"minecraft:deepslate_iron_ore":70,"minecraft:shroomlight":1,"minecraft:cobblestone_slab":1,"minecraft:lantern":2,"minecraft:stone":1092,"minecraft:bone_block":32,"minecraft:oak_slab":11,"minecraft:soul_sand":17,"minecraft:basalt":2,"minecraft:dandelion":20,"minecraft:oak_fence":133,"minecraft:crafting_table":16,"minecraft:cornflower":7,"minecraft:crimson_slab":18,"minecraft:sculk_sensor":22,"minecraft:campfire":1,"minecraft:stone_slab":2,"minecraft:tall_grass":5,"minecraft:copper_ore":17,"minecraft:lapis_ore":6,"minecraft:deepslate_gold_ore":27,"minecraft:crimson_pressure_plate":2,"minecraft:sculk":109,"minecraft:diorite":38,"minecraft:purple_bed":2,"minecraft:white_carpet":7,"minecraft:coal_ore":222,"minecraft:gravel":60,"minecraft:dripstone_block":7,"minecraft:cobweb":8,"minecraft:crimson_fence":2,"minecraft:gold_ore":2},"minecraft:picked_up":{"minecraft:iron_chestplate":7,"minecraft:wheat":138,"minecraft:stone_slab":2,"minecraft:lead":3,"minecraft:oak_stairs":13,"minecraft:gilded_blackstone":3,"minecraft:crimson_planks":11,"minecraft:golden_sword":1,"minecraft:amethyst_block":21,"minecraft:raw_copper":87,"minecraft:string":17,"minecraft:soul_soil":1,"minecraft:iron_leggings":10,"minecraft:shroomlight":1,"minecraft:gold_nugget":177,"minecraft:cobbled_deepslate":803,"minecraft:crimson_fence":2,"minecraft:bucket":3,"minecraft:cobblestone_slab":1,"minecraft:iron_pickaxe":20,"minecraft:melon_slice":76,"minecraft:iron_boots":8,"minecraft:stick":35,"minecraft:crimson_pressure_plate":2,"minecraft:oak_fence":133,"minecraft:torch":161,"minecraft:pointed_dripstone":8,"minecraft:diorite":48,"minecraft:golden_chestplate":2,"minecraft:quartz_block":6,"minecraft:stone_sword":1,"minecraft:rotten_flesh":18,"minecraft:obsidian":2,"minecraft:cobblestone":1121,"minecraft:cooked_beef":12,"minecraft:feather":8,"minecraft:water_bucket":2,"minecraft:andesite":1,"minecraft:brown_wool":1,"minecraft:potato":118,"minecraft:flint":11,"minecraft:tuff":121,"minecraft:lapis_lazuli":102,"minecraft:dirt":1468,"minecraft:lantern":3,"minecraft:purple_carpet":16,"minecraft:bone":37,"minecraft:bow":1,"minecraft:wheat_seeds":466,"minecraft:raw_gold":39,"minecraft:rabbit":3,"minecraft:glowstone_dust":54,"minecraft:oak_planks":513,"minecraft:cooked_porkchop":6,"minecraft:poisonous_potato":1,"minecraft:sand":10,"minecraft:diamond":10,"minecraft:cracked_polished_blackstone_bricks":15,"minecraft:granite":8,"minecraft:emerald":1,"minecraft:oak_sapling":31,"minecraft:netherrack":55,"minecraft:crimson_roots":3,"minecraft:charcoal":2,"minecraft:crafting_table":16,"minecraft:chicken":7,"minecraft:ladder":1,"minecraft:shield":10,"minecraft:cornflower":7,"minecraft:iron_axe":7,"minecraft:white_carpet":8,"minecraft:iron_shovel":4,"minecraft:blackstone":27,"minecraft:beef":19,"minecraft:poppy":4,"minecraft:light_gray_wool":19,"minecraft:quartz_stairs":1,"minecraft:sugar_cane":46,"minecraft:chest":1,"minecraft:egg":180,"minecraft:raw_iron":119,"minecraft:fire_charge":2,"minecraft:polished_blackstone_bricks":19,"minecraft:carrot":51,"minecraft:redstone":280,"minecraft:arrow":29,"minecraft:stone_shovel":2,"minecraft:gold_ingot":8,"minecraft:mutton":27,"minecraft:white_wool":37,"minecraft:rail":9,"minecraft:bone_block":32,"minecraft:crimson_slab":21,"minecraft:basalt":5,"minecraft:crimson_stem":79,"minecraft:glow_ink_sac":2,"minecraft:leather":16,"minecraft:crimson_fungus":2,"minecraft:oak_log":397,"minecraft:nether_wart_block":4,"minecraft:golden_boots":2,"minecraft:wooden_hoe":2,"minecraft:white_banner":1,"minecraft:cooked_mutton":5,"minecraft:apple":1,"minecraft:oak_fence_gate":2,"minecraft:iron_ingot":34,"minecraft:rabbit_hide":1,"minecraft:stone_pickaxe":8,"minecraft:iron_sword":8,"minecraft:soul_sand":33,"minecraft:sculk_catalyst":1,"minecraft:oak_slab":14,"minecraft:warped_fungus":2,"minecraft:pumpkin":14,"minecraft:quartz":65,"minecraft:dandelion":22,"minecraft:spyglass":3,"minecraft:raw_iron_block":4,"minecraft:dripstone_block":2,"minecraft:gravel":61,"minecraft:crimson_stairs":25,"minecraft:spider_eye":1,"minecraft:pumpkin_seeds":2,"minecraft:purple_bed":2,"minecraft:iron_helmet":6,"minecraft:gray_wool":2,"minecraft:baked_potato":35,"minecraft:black_wool":2,"minecraft:melon_seeds":4,"minecraft:coal":218},"minecraft:killed_by":{"minecraft:piglin_brute":5,"minecraft:creeper":1,"minecraft:player":1,"minecraft:warden":11,"minecraft:skeleton":1},"minecraft:used":{"minecraft:iron_shovel":1461,"minecraft:ladder":6,"minecraft:chest":3,"minecraft:shield":14,"minecraft:iron_sword":65,"minecraft:quartz_stairs":5,"minecraft:rotten_flesh":3,"minecraft:carrot":34,"minecraft:glass":82,"minecraft:lava_bucket":5,"minecraft:quartz_slab":4,"minecraft:quartz_block":14,"minecraft:item_frame":10,"minecraft:bow":30,"minecraft:oak_sapling":31,"minecraft:furnace":1,"minecraft:egg":69,"minecraft:potato":53,"minecraft:oak_planks":1619,"minecraft:stone_pickaxe":954,"minecraft:blackstone":4,"minecraft:sugar_cane":14,"minecraft:sand":17,"minecraft:pumpkin_seeds":6,"minecraft:bread":5,"minecraft:gravel":1,"minecraft:cooked_rabbit":3,"minecraft:andesite":1,"minecraft:oak_fence":265,"minecraft:stone_sword":116,"minecraft:crimson_fence":16,"minecraft:flint_and_steel":3,"minecraft:stone_shovel":264,"minecraft:stone_hoe":131,"minecraft:cooked_chicken":4,"minecraft:netherrack":20,"minecraft:torch":168,"minecraft:spyglass":6,"minecraft:dirt":849,"minecraft:anvil":1,"minecraft:white_carpet":19,"minecraft:oak_fence_gate":7,"minecraft:iron_axe":836,"minecraft:oak_stairs":25,"minecraft:crimson_slab":37,"minecraft:crimson_planks":54,"minecraft:melon_seeds":8,"minecraft:crimson_pressure_plate":16,"minecraft:cooked_beef":7,"minecraft:cobbled_deepslate":53,"minecraft:pumpkin":3,"minecraft:wheat_seeds":248,"minecraft:cooked_mutton":16,"minecraft:water_bucket":153,"minecraft:amethyst_block":21,"minecraft:baked_potato":12,"minecraft:cobblestone_slab":1,"minecraft:polished_blackstone_bricks":3,"minecraft:oak_slab":238,"minecraft:crafting_table":22,"minecraft:campfire":3,"minecraft:wooden_hoe":110,"minecraft:diamond_pickaxe":10,"minecraft:apple":4,"minecraft:iron_pickaxe":2019,"minecraft:stone_slab":4,"minecraft:stone_axe":400,"minecraft:cobblestone":339,"minecraft:purple_bed":2,"minecraft:crimson_stairs":37,"minecraft:cooked_porkchop":10,"minecraft:bucket":157,"minecraft:purple_carpet":16},"minecraft:killed":{"minecraft:cave_spider":2,"minecraft:spider":1,"minecraft:skeleton":3,"minecraft:chicken":10,"minecraft:piglin_brute":2,"minecraft:magma_cube":1,"minecraft:piglin":4,"minecraft:sheep":17,"minecraft:zombie":5,"minecraft:cow":9,"minecraft:warden":1,"minecraft:rabbit":1,"minecraft:wandering_trader":1},"minecraft:crafted":{"minecraft:oak_planks":1612,"minecraft:cobblestone_slab":6,"minecraft:cooked_chicken":7,"minecraft:stone":12,"minecraft:cooked_mutton":13,"minecraft:glass":128,"minecraft:quartz_block":23,"minecraft:melon_seeds":2,"minecraft:chest":2,"minecraft:stone_hoe":1,"minecraft:oak_fence":114,"minecraft:cooked_rabbit":2,"minecraft:golden_boots":2,"minecraft:quartz_stairs":4,"minecraft:oak_slab":246,"minecraft:item_frame":10,"minecraft:cooked_porkchop":15,"minecraft:crafting_table":7,"minecraft:baked_potato":64,"minecraft:crimson_pressure_plate":14,"minecraft:birch_planks":40,"minecraft:pumpkin_seeds":4,"minecraft:campfire":3,"minecraft:wooden_hoe":3,"minecraft:diamond_pickaxe":1,"minecraft:stick":380,"minecraft:stone_slab":24,"minecraft:iron_ingot":87,"minecraft:iron_pickaxe":15,"minecraft:iron_block":10,"minecraft:gold_ingot":56,"minecraft:stone_shovel":2,"minecraft:golden_chestplate":2,"minecraft:furnace":1,"minecraft:bone_meal":3,"minecraft:white_carpet":15,"minecraft:iron_axe":6,"minecraft:ladder":6,"minecraft:stone_pickaxe":8,"minecraft:quartz_slab":6,"minecraft:cooked_beef":12,"minecraft:crimson_planks":192,"minecraft:crimson_slab":24,"minecraft:iron_sword":2,"minecraft:stone_axe":3,"minecraft:bread":3,"minecraft:crimson_stairs":28,"minecraft:oak_fence_gate":6,"minecraft:oak_stairs":12,"minecraft:crimson_fence":21,"minecraft:iron_shovel":6,"minecraft:anvil":1,"minecraft:torch":156},"minecraft:dropped":{"minecraft:iron_sword":3,"minecraft:warped_fungus":2,"minecraft:cooked_beef":5,"minecraft:baked_potato":12,"minecraft:diamond":1,"minecraft:cooked_porkchop":3,"minecraft:dirt":254,"minecraft:crimson_roots":3,"minecraft:iron_pickaxe":7,"minecraft:gold_ingot":8,"minecraft:gravel":39,"minecraft:crimson_fungus":2,"minecraft:stone_axe":1,"minecraft:golden_chestplate":1,"minecraft:cobbled_deepslate":633,"minecraft:wheat":3,"minecraft:pointed_dripstone":2,"minecraft:cooked_mutton":9,"minecraft:quartz":1,"minecraft:egg":1,"minecraft:iron_ingot":3,"minecraft:golden_boots":2,"minecraft:enchanted_book":1,"minecraft:dripstone_block":2,"minecraft:cobblestone":57,"minecraft:golden_apple":1,"minecraft:stick":13,"minecraft:diorite":16,"minecraft:torch":46,"minecraft:iron_axe":2,"minecraft:raw_iron_block":1,"minecraft:dandelion":4,"minecraft:soul_soil":1,"minecraft:tuff":87,"minecraft:stone_shovel":2,"minecraft:shield":1,"minecraft:diamond_pickaxe":2,"minecraft:golden_sword":1,"minecraft:stone_pickaxe":1}},"DataVersion":3465}