{"stats":{"minecraft:crafted":{"minecraft:grindstone":1,"minecraft:smooth_stone":383,"minecraft:oak_planks":1616,"minecraft:barrel":1,"minecraft:cobblestone_slab":6,"minecraft:cooked_chicken":21,"minecraft:loom":1,"minecraft:stone":729,"minecraft:bookshelf":1,"minecraft:cooked_mutton":13,"minecraft:glass":128,"minecraft:quartz_block":23,"minecraft:melon_seeds":2,"minecraft:chest":2,"minecraft:chiseled_stone_bricks":337,"minecraft:stone_hoe":1,"minecraft:oak_fence":114,"minecraft:cooked_rabbit":2,"minecraft:golden_boots":2,"minecraft:smoker":1,"minecraft:quartz_stairs":4,"minecraft:oak_slab":246,"minecraft:item_frame":10,"minecraft:cauldron":1,"minecraft:cooked_porkchop":46,"minecraft:crafting_table":18,"minecraft:baked_potato":64,"minecraft:smithing_table":1,"minecraft:fletching_table":1,"minecraft:brewing_stand":1,"minecraft:crimson_pressure_plate":14,"minecraft:birch_planks":128,"minecraft:pumpkin_seeds":4,"minecraft:campfire":3,"minecraft:cartography_table":1,"minecraft:lectern":1,"minecraft:book":3,"minecraft:wooden_hoe":3,"minecraft:paper":15,"minecraft:diamond_pickaxe":1,"minecraft:stick":388,"minecraft:stone_slab":24,"minecraft:iron_ingot":87,"minecraft:iron_pickaxe":15,"minecraft:iron_block":10,"minecraft:gold_ingot":56,"minecraft:composter":1,"minecraft:stone_shovel":3,"minecraft:golden_chestplate":2,"minecraft:furnace":2,"minecraft:blast_furnace":1,"minecraft:bone_meal":3,"minecraft:white_carpet":15,"minecraft:iron_axe":6,"minecraft:ladder":6,"minecraft:stone_pickaxe":8,"minecraft:quartz_slab":6,"minecraft:cooked_beef":12,"minecraft:crimson_planks":192,"minecraft:crimson_slab":24,"minecraft:iron_sword":2,"minecraft:stone_axe":4,"minecraft:bread":3,"minecraft:crimson_stairs":28,"minecraft:oak_fence_gate":6,"minecraft:oak_stairs":12,"minecraft:crimson_fence":21,"minecraft:iron_shovel":6,"minecraft:stonecutter":1,"minecraft:anvil":1,"minecraft:white_bed":10,"minecraft:torch":156},"minecraft:killed_by":{"minecraft:piglin_brute":5,"minecraft:creeper":1,"minecraft:player":1,"minecraft:warden":11,"minecraft:skeleton":2},"minecraft:dropped":{"minecraft:iron_sword":3,"minecraft:birch_planks":23,"minecraft:warped_fungus":2,"minecraft:cooked_beef":5,"minecraft:baked_potato":12,"minecraft:diamond":1,"minecraft:cooked_porkchop":3,"minecraft:fletching_table":1,"minecraft:dirt":362,"minecraft:crimson_roots":3,"minecraft:iron_pickaxe":7,"minecraft:gold_ingot":8,"minecraft:gravel":39,"minecraft:crimson_fungus":2,"minecraft:stone_axe":1,"minecraft:golden_chestplate":1,"minecraft:cobbled_deepslate":633,"minecraft:wheat":3,"minecraft:pointed_dripstone":8,"minecraft:cooked_mutton":9,"minecraft:quartz":1,"minecraft:egg":33,"minecraft:iron_ingot":3,"minecraft:golden_boots":2,"minecraft:enchanted_book":1,"minecraft:dripstone_block":2,"minecraft:cobblestone":57,"minecraft:coal":3,"minecraft:golden_apple":1,"minecraft:stick":13,"minecraft:diorite":16,"minecraft:torch":46,"minecraft:iron_axe":2,"minecraft:raw_iron_block":1,"minecraft:dandelion":4,"minecraft:soul_soil":1,"minecraft:tuff":87,"minecraft:stone_shovel":2,"minecraft:shield":1,"minecraft:diamond_pickaxe":2,"minecraft:golden_sword":1,"minecraft:birch_boat":1,"minecraft:stone_pickaxe":1},"minecraft:picked_up":{"minecraft:iron_chestplate":8,"minecraft:wheat":226,"minecraft:stone_slab":2,"minecraft:lead":3,"minecraft:oak_stairs":13,"minecraft:gilded_blackstone":3,"minecraft:crimson_planks":11,"minecraft:golden_sword":1,"minecraft:amethyst_block":21,"minecraft:raw_copper":87,"minecraft:string":21,"minecraft:soul_soil":1,"minecraft:smooth_stone_slab":1,"minecraft:iron_leggings":11,"minecraft:shroomlight":1,"minecraft:beetroot":12,"minecraft:cobbled_deepslate":976,"minecraft:gold_nugget":177,"minecraft:smooth_stone":72,"minecraft:crimson_fence":2,"minecraft:bucket":3,"minecraft:cobblestone_slab":1,"minecraft:iron_pickaxe":23,"minecraft:melon_slice":125,"minecraft:iron_boots":9,"minecraft:stick":45,"minecraft:crimson_pressure_plate":2,"minecraft:oak_fence":133,"minecraft:torch":186,"minecraft:pointed_dripstone":14,"minecraft:diorite":81,"minecraft:golden_chestplate":2,"minecraft:quartz_block":6,"minecraft:stone_sword":1,"minecraft:rotten_flesh":51,"minecraft:obsidian":2,"minecraft:cobblestone":1161,"minecraft:birch_log":51,"minecraft:cooked_beef":12,"minecraft:feather":32,"minecraft:water_bucket":2,"minecraft:andesite":1,"minecraft:brown_wool":1,"minecraft:potato":165,"minecraft:flint":11,"minecraft:tuff":125,"minecraft:lapis_lazuli":111,"minecraft:dirt":1580,"minecraft:lantern":3,"minecraft:name_tag":1,"minecraft:purple_carpet":16,"minecraft:bone":44,"minecraft:bow":3,"minecraft:wheat_seeds":740,"minecraft:raw_gold":50,"minecraft:rabbit":3,"minecraft:glowstone_dust":54,"minecraft:oak_planks":513,"minecraft:cooked_porkchop":16,"minecraft:music_disc_13":1,"minecraft:poisonous_potato":1,"minecraft:sand":10,"minecraft:diamond":10,"minecraft:cracked_polished_blackstone_bricks":15,"minecraft:granite":8,"minecraft:emerald":1,"minecraft:bread":2,"minecraft:oak_sapling":44,"minecraft:netherrack":55,"minecraft:crimson_roots":3,"minecraft:charcoal":2,"minecraft:crafting_table":17,"minecraft:chicken":26,"minecraft:ladder":1,"minecraft:shield":12,"minecraft:cornflower":11,"minecraft:iron_axe":7,"minecraft:white_carpet":8,"minecraft:iron_shovel":4,"minecraft:blackstone":27,"minecraft:beef":19,"minecraft:poppy":4,"minecraft:quartz_stairs":1,"minecraft:light_gray_wool":19,"minecraft:sugar_cane":66,"minecraft:chest":1,"minecraft:birch_sapling":1,"minecraft:egg":326,"minecraft:raw_iron":130,"minecraft:stone":11,"minecraft:fire_charge":2,"minecraft:polished_blackstone_bricks":19,"minecraft:carrot":88,"minecraft:redstone":297,"minecraft:arrow":35,"minecraft:stone_shovel":2,"minecraft:beetroot_seeds":36,"minecraft:gold_ingot":8,"minecraft:mutton":27,"minecraft:white_wool":37,"minecraft:rail":9,"minecraft:bone_block":32,"minecraft:crimson_slab":21,"minecraft:basalt":5,"minecraft:glow_ink_sac":4,"minecraft:crimson_stem":79,"minecraft:leather":16,"minecraft:crimson_fungus":2,"minecraft:oak_log":453,"minecraft:nether_wart_block":4,"minecraft:golden_boots":2,"minecraft:wooden_hoe":2,"minecraft:paper":1,"minecraft:white_banner":1,"minecraft:cooked_mutton":5,"minecraft:apple":3,"minecraft:oak_fence_gate":2,"minecraft:iron_ingot":34,"minecraft:rabbit_hide":1,"minecraft:stone_pickaxe":8,"minecraft:iron_sword":9,"minecraft:soul_sand":33,"minecraft:sculk_catalyst":2,"minecraft:oak_slab":15,"minecraft:birch_boat":1,"minecraft:warped_fungus":2,"minecraft:pumpkin":23,"minecraft:chiseled_stone_bricks":3,"minecraft:quartz":65,"minecraft:dandelion":31,"minecraft:spyglass":3,"minecraft:raw_iron_block":4,"minecraft:dripstone_block":2,"minecraft:gravel":61,"minecraft:crimson_stairs":25,"minecraft:blast_furnace":1,"minecraft:spider_eye":5,"minecraft:pumpkin_seeds":4,"minecraft:purple_bed":2,"minecraft:iron_helmet":7,"minecraft:gray_wool":2,"minecraft:baked_potato":47,"minecraft:black_wool":2,"minecraft:melon_seeds":4,"minecraft:coal":317},"minecraft:used":{"minecraft:iron_shovel":1461,"minecraft:ladder":6,"minecraft:chest":3,"minecraft:shield":34,"minecraft:iron_sword":267,"minecraft:stone":1,"minecraft:quartz_stairs":5,"minecraft:rotten_flesh":3,"minecraft:carrot":48,"minecraft:glass":82,"minecraft:lava_bucket":5,"minecraft:quartz_slab":4,"minecraft:quartz_block":14,"minecraft:item_frame":10,"minecraft:bow":30,"minecraft:oak_sapling":31,"minecraft:furnace":1,"minecraft:beetroot_seeds":28,"minecraft:egg":71,"minecraft:potato":67,"minecraft:oak_planks":1619,"minecraft:stone_pickaxe":954,"minecraft:blackstone":4,"minecraft:sugar_cane":14,"minecraft:sand":17,"minecraft:blast_furnace":2,"minecraft:pumpkin_seeds":6,"minecraft:bread":5,"minecraft:lectern":1,"minecraft:gravel":1,"minecraft:grindstone":1,"minecraft:smithing_table":1,"minecraft:cooked_rabbit":3,"minecraft:andesite":1,"minecraft:smooth_stone_slab":1,"minecraft:oak_fence":269,"minecraft:stone_sword":116,"minecraft:crimson_fence":16,"minecraft:flint_and_steel":3,"minecraft:stone_shovel":349,"minecraft:stone_hoe":131,"minecraft:cooked_chicken":4,"minecraft:netherrack":20,"minecraft:torch":193,"minecraft:spyglass":6,"minecraft:dirt":853,"minecraft:anvil":1,"minecraft:white_carpet":19,"minecraft:oak_fence_gate":7,"minecraft:iron_axe":836,"minecraft:oak_stairs":25,"minecraft:crimson_slab":37,"minecraft:crimson_planks":54,"minecraft:melon_seeds":8,"minecraft:crimson_pressure_plate":16,"minecraft:cooked_beef":7,"minecraft:cobbled_deepslate":179,"minecraft:pumpkin":3,"minecraft:wheat_seeds":345,"minecraft:cooked_mutton":16,"minecraft:water_bucket":153,"minecraft:amethyst_block":21,"minecraft:baked_potato":24,"minecraft:cobblestone_slab":1,"minecraft:polished_blackstone_bricks":3,"minecraft:oak_slab":248,"minecraft:crafting_table":34,"minecraft:white_bed":12,"minecraft:campfire":3,"minecraft:wooden_hoe":111,"minecraft:diamond_pickaxe":10,"minecraft:apple":4,"minecraft:iron_pickaxe":2396,"minecraft:stone_slab":4,"minecraft:stone_axe":533,"minecraft:chiseled_stone_bricks":339,"minecraft:cobblestone":339,"minecraft:purple_bed":2,"minecraft:crimson_stairs":37,"minecraft:cooked_porkchop":16,"minecraft:bucket":157,"minecraft:purple_carpet":16,"minecraft:smooth_stone":556},"minecraft:killed":{"minecraft:cave_spider":2,"minecraft:spider":4,"minecraft:skeleton":7,"minecraft:chicken":35,"minecraft:piglin_brute":2,"minecraft:magma_cube":1,"minecraft:piglin":4,"minecraft:sheep":17,"minecraft:zombie":15,"minecraft:cow":9,"minecraft:warden":1,"minecraft:rabbit":1,"minecraft:wandering_trader":1},"minecraft:broken":{"minecraft:iron_shovel":5,"minecraft:stone_pickaxe":7,"minecraft:stone_axe":3,"minecraft:stone_shovel":2,"minecraft:stone_hoe":1,"minecraft:iron_axe":2,"minecraft:iron_pickaxe":7,"minecraft:wooden_hoe":1},"minecraft:mined":{"minecraft:oak_sapling":2,"minecraft:farmland":100,"minecraft:sculk_vein":31,"minecraft:granite":8,"minecraft:grass_block":444,"minecraft:cracked_polished_blackstone_bricks":6,"minecraft:soul_soil":1,"minecraft:crimson_fungus":1,"minecraft:gilded_blackstone":2,"minecraft:chiseled_stone_bricks":3,"minecraft:smooth_stone":73,"minecraft:polished_blackstone_bricks":11,"minecraft:raw_iron_block":2,"minecraft:sculk_catalyst":4,"minecraft:glowstone":14,"minecraft:iron_ore":56,"minecraft:cobbled_deepslate":9,"minecraft:pumpkin":23,"minecraft:deepslate_lapis_ore":9,"minecraft:sculk_shrieker":2,"minecraft:pointed_dripstone":7,"minecraft:oak_stairs":13,"minecraft:purple_carpet":5,"minecraft:deepslate_redstone_ore":50,"minecraft:quartz_block":6,"minecraft:blackstone":2,"minecraft:melon_stem":3,"minecraft:crimson_nylium":2,"minecraft:soul_fire":2,"minecraft:torch":35,"minecraft:blast_furnace":1,"minecraft:poppy":2,"minecraft:melon":22,"minecraft:chest":1,"minecraft:glass":16,"minecraft:nether_quartz_ore":67,"minecraft:cobblestone":145,"minecraft:sugar_cane":48,"minecraft:oak_planks":495,"minecraft:crimson_stairs":25,"minecraft:wall_torch":17,"minecraft:amethyst_block":21,"minecraft:nether_wart_block":2,"minecraft:birch_log":51,"minecraft:wheat":309,"minecraft:warped_fungus":1,"minecraft:smooth_stone_slab":2,"minecraft:grass":49,"minecraft:oak_log":429,"minecraft:beetroots":12,"minecraft:oak_fence_gate":2,"minecraft:sand":17,"minecraft:dirt":1222,"minecraft:crimson_planks":11,"minecraft:netherrack":37,"minecraft:oak_leaves":74,"minecraft:deepslate":886,"minecraft:nether_gold_ore":22,"minecraft:tuff":135,"minecraft:quartz_stairs":1,"minecraft:deepslate_diamond_ore":10,"minecraft:glow_lichen":1,"minecraft:crimson_roots":1,"minecraft:crimson_stem":20,"minecraft:carrots":40,"minecraft:andesite":1,"minecraft:potatoes":73,"minecraft:deepslate_iron_ore":75,"minecraft:shroomlight":1,"minecraft:cobblestone_slab":1,"minecraft:lantern":2,"minecraft:stone":1111,"minecraft:bone_block":32,"minecraft:oak_slab":11,"minecraft:soul_sand":17,"minecraft:basalt":2,"minecraft:dandelion":20,"minecraft:oak_fence":133,"minecraft:crafting_table":17,"minecraft:cornflower":8,"minecraft:crimson_slab":18,"minecraft:sculk_sensor":22,"minecraft:campfire":1,"minecraft:stone_slab":2,"minecraft:tall_grass":5,"minecraft:copper_ore":17,"minecraft:lapis_ore":6,"minecraft:deepslate_gold_ore":39,"minecraft:crimson_pressure_plate":2,"minecraft:sculk":109,"minecraft:diorite":55,"minecraft:purple_bed":2,"minecraft:white_carpet":7,"minecraft:birch_leaves":3,"minecraft:coal_ore":273,"minecraft:gravel":60,"minecraft:dripstone_block":7,"minecraft:cobweb":8,"minecraft:crimson_fence":2,"minecraft:gold_ore":2},"minecraft:custom":{"minecraft:animals_bred":75,"minecraft:interact_with_crafting_table":125,"minecraft:open_barrel":12,"minecraft:leave_game":26,"minecraft:time_since_death":236366,"minecraft:sprint_one_cm":1568137,"minecraft:damage_blocked_by_shield":1220,"minecraft:drop":98,"minecraft:play_time":1297169,"minecraft:deaths":21,"minecraft:jump":5570,"minecraft:interact_with_brewingstand":1,"minecraft:walk_on_water_one_cm":58241,"minecraft:interact_with_furnace":271,"minecraft:sleep_in_bed":19,"minecraft:damage_dealt":11868,"minecraft:crouch_one_cm":166614,"minecraft:interact_with_smoker":71,"minecraft:horse_one_cm":866,"minecraft:mob_kills":120,"minecraft:interact_with_anvil":2,"minecraft:climb_one_cm":32351,"minecraft:walk_one_cm":4154831,"minecraft:sneak_time":82259,"minecraft:walk_under_water_one_cm":26348,"minecraft:boat_one_cm":11765,"minecraft:interact_with_blast_furnace":40,"minecraft:total_world_time":1297169,"minecraft:interact_with_stonecutter":20,"minecraft:time_since_rest":55251,"minecraft:damage_taken":9912,"minecraft:swim_one_cm":497,"minecraft:fly_one_cm":381888,"minecraft:open_chest":638,"minecraft:fall_one_cm":89073}},"DataVersion":3465}