{"stats":{"minecraft:used":{"minecraft:oak_fence":28,"minecraft:stone_sword":201,"minecraft:stone_shovel":280,"minecraft:ladder":5,"minecraft:cooked_chicken":3,"minecraft:dirt":126,"minecraft:spyglass":2,"minecraft:granite":1,"minecraft:iron_axe":376,"minecraft:beef":4,"minecraft:oak_sapling":18,"minecraft:furnace":2,"minecraft:egg":1,"minecraft:cooked_beef":3,"minecraft:potato":2,"minecraft:cooked_mutton":10,"minecraft:pink_tulip":2,"minecraft:stone_pickaxe":47,"minecraft:oak_planks":695,"minecraft:wooden_pickaxe":16,"minecraft:crafting_table":2,"minecraft:blast_furnace":1,"minecraft:white_bed":2,"minecraft:oak_log":386,"minecraft:apple":5,"minecraft:bread":4,"minecraft:iron_pickaxe":200,"minecraft:stone_axe":992,"minecraft:purple_bed":5,"minecraft:porkchop":1,"minecraft:cooked_porkchop":18,"minecraft:stripped_oak_log":52},"minecraft:killed":{"minecraft:skeleton":3,"minecraft:drowned":2,"minecraft:pig":3,"minecraft:sheep":9,"minecraft:pillager":1,"minecraft:zombie":5,"minecraft:cow":4,"minecraft:enderman":1},"minecraft:custom":{"minecraft:mob_kills":28,"minecraft:interact_with_crafting_table":18,"minecraft:leave_game":4,"minecraft:time_since_death":116847,"minecraft:climb_one_cm":6507,"minecraft:sprint_one_cm":702861,"minecraft:walk_one_cm":1120501,"minecraft:drop":30,"minecraft:talked_to_villager":1,"minecraft:play_time":319473,"minecraft:deaths":6,"minecraft:sneak_time":8417,"minecraft:walk_under_water_one_cm":32802,"minecraft:boat_one_cm":333826,"minecraft:jump":3685,"minecraft:interact_with_blast_furnace":4,"minecraft:walk_on_water_one_cm":81288,"minecraft:total_world_time":319473,"minecraft:interact_with_furnace":12,"minecraft:interact_with_stonecutter":1,"minecraft:sleep_in_bed":17,"minecraft:time_since_rest":36964,"minecraft:damage_taken":3936,"minecraft:damage_dealt":3988,"minecraft:swim_one_cm":103266,"minecraft:fly_one_cm":555057,"minecraft:open_chest":23,"minecraft:crouch_one_cm":22246,"minecraft:interact_with_smoker":5,"minecraft:fall_one_cm":73319,"minecraft:horse_one_cm":1624},"minecraft:mined":{"minecraft:white_bed":3,"minecraft:deepslate_diamond_ore":4,"minecraft:glow_lichen":1,"minecraft:allium":14,"minecraft:grass_block":132,"minecraft:spruce_leaves":1,"minecraft:furnace":1,"minecraft:iron_ore":21,"minecraft:pumpkin":19,"minecraft:deepslate_lapis_ore":3,"minecraft:deepslate_iron_ore":1,"minecraft:stripped_oak_log":78,"minecraft:pink_tulip":6,"minecraft:stone":40,"minecraft:deepslate_redstone_ore":2,"minecraft:dandelion":17,"minecraft:oak_fence":21,"minecraft:crafting_table":2,"minecraft:cornflower":5,"minecraft:torch":1,"minecraft:blast_furnace":1,"minecraft:poppy":1,"minecraft:rose_bush":18,"minecraft:tall_grass":10,"minecraft:copper_ore":40,"minecraft:deepslate_gold_ore":3,"minecraft:oak_planks":252,"minecraft:purple_bed":4,"minecraft:wheat":3,"minecraft:lilac":36,"minecraft:birch_leaves":5,"minecraft:bee_nest":1,"minecraft:grass":140,"minecraft:oak_log":621,"minecraft:coal_ore":61,"minecraft:sunflower":22,"minecraft:dirt":116,"minecraft:oak_leaves":145,"minecraft:deepslate":2},"minecraft:dropped":{"minecraft:iron_ingot":4,"minecraft:cooked_beef":1,"minecraft:oak_log":79,"minecraft:diamond":4,"minecraft:cobblestone":3,"minecraft:stick":1,"minecraft:dirt":75,"minecraft:string":1,"minecraft:pink_tulip":3,"minecraft:furnace":1,"minecraft:raw_copper":23,"minecraft:raw_iron":1,"minecraft:oak_planks":28,"minecraft:poppy":1,"minecraft:shield":2,"minecraft:allium":11,"minecraft:purple_bed":1,"minecraft:oak_sapling":1,"minecraft:chest":1,"minecraft:arrow":1,"minecraft:beef":1},"minecraft:broken":{"minecraft:stone_sword":1,"minecraft:iron_axe":1,"minecraft:stone_axe":8},"minecraft:killed_by":{"minecraft:creeper":1,"minecraft:skeleton":4},"minecraft:picked_up":{"minecraft:iron_chestplate":2,"minecraft:crafting_table":4,"minecraft:allium":11,"minecraft:ladder":1,"minecraft:shield":3,"minecraft:cornflower":7,"minecraft:string":3,"minecraft:raw_copper":121,"minecraft:iron_axe":2,"minecraft:iron_leggings":1,"minecraft:iron_shovel":1,"minecraft:cobbled_deepslate":9,"minecraft:beef":6,"minecraft:rose_bush":3,"minecraft:poppy":5,"minecraft:iron_pickaxe":4,"minecraft:sugar_cane":15,"minecraft:chest":1,"minecraft:birch_sapling":5,"minecraft:furnace":5,"minecraft:iron_boots":5,"minecraft:egg":1,"minecraft:stick":227,"minecraft:raw_iron":26,"minecraft:oak_fence":21,"minecraft:torch":3,"minecraft:porkchop":5,"minecraft:diorite":1,"minecraft:redstone":30,"minecraft:golden_chestplate":2,"minecraft:rotten_flesh":19,"minecraft:stone_sword":3,"minecraft:arrow":17,"minecraft:stone_shovel":1,"minecraft:pink_tulip":5,"minecraft:mutton":14,"minecraft:cobblestone":52,"minecraft:white_wool":12,"minecraft:stripped_oak_log":79,"minecraft:birch_log":74,"minecraft:cooked_beef":4,"minecraft:feather":4,"minecraft:lilac":30,"minecraft:leather":4,"minecraft:potato":2,"minecraft:birch_planks":30,"minecraft:oak_log":1186,"minecraft:golden_boots":1,"minecraft:lapis_lazuli":21,"minecraft:dirt":329,"minecraft:white_banner":1,"minecraft:bone":14,"minecraft:apple":9,"minecraft:wheat_seeds":48,"minecraft:raw_gold":9,"minecraft:stone_pickaxe":2,"minecraft:rabbit_hide":2,"minecraft:iron_ingot":4,"minecraft:rabbit":1,"minecraft:oak_planks":480,"minecraft:cooked_porkchop":16,"minecraft:pumpkin":18,"minecraft:dandelion":40,"minecraft:spyglass":1,"minecraft:sand":14,"minecraft:blast_furnace":1,"minecraft:white_bed":3,"minecraft:purple_bed":6,"minecraft:diamond":4,"minecraft:stone_axe":5,"minecraft:iron_helmet":6,"minecraft:granite":4,"minecraft:bread":4,"minecraft:oak_sapling":218,"minecraft:coal":66,"minecraft:sunflower":21},"minecraft:crafted":{"minecraft:oak_planks":533,"minecraft:stone_shovel":2,"minecraft:cooked_chicken":3,"minecraft:furnace":1,"minecraft:cooked_mutton":5,"minecraft:ladder":6,"minecraft:stone_pickaxe":2,"minecraft:magenta_dye":6,"minecraft:oak_fence":36,"minecraft:cooked_beef":4,"minecraft:red_dye":7,"minecraft:cooked_porkchop":4,"minecraft:crafting_table":1,"minecraft:wooden_pickaxe":1,"minecraft:stone_axe":5,"minecraft:blue_dye":1,"minecraft:purple_dye":2,"minecraft:stick":72,"minecraft:stone_sword":1}},"DataVersion":3465}