{"stats":{"minecraft:used":{"minecraft:oak_fence":51,"minecraft:stone_sword":222,"minecraft:iron_shovel":10,"minecraft:stone_shovel":280,"minecraft:ladder":5,"minecraft:chest":1,"minecraft:cooked_chicken":3,"minecraft:torch":5,"minecraft:dirt":136,"minecraft:spyglass":2,"minecraft:granite":1,"minecraft:wooden_axe":56,"minecraft:iron_axe":468,"minecraft:beef":4,"minecraft:oak_sapling":18,"minecraft:furnace":2,"minecraft:egg":1,"minecraft:cooked_beef":3,"minecraft:potato":2,"minecraft:cooked_mutton":14,"minecraft:amethyst_block":57,"minecraft:pink_tulip":2,"minecraft:stone_pickaxe":97,"minecraft:oak_planks":1279,"minecraft:wooden_pickaxe":16,"minecraft:crafting_table":5,"minecraft:blast_furnace":1,"minecraft:white_bed":2,"minecraft:oak_log":573,"minecraft:apple":6,"minecraft:bread":4,"minecraft:iron_pickaxe":200,"minecraft:stone_axe":1475,"minecraft:purple_bed":10,"minecraft:white_banner":3,"minecraft:porkchop":1,"minecraft:cooked_porkchop":18,"minecraft:stripped_oak_log":97,"minecraft:purple_carpet":28},"minecraft:killed":{"minecraft:skeleton":3,"minecraft:drowned":2,"minecraft:pig":3,"minecraft:sheep":9,"minecraft:pillager":1,"minecraft:zombie":5,"minecraft:cow":4,"minecraft:enderman":1},"minecraft:custom":{"minecraft:mob_kills":28,"minecraft:interact_with_crafting_table":30,"minecraft:open_barrel":2,"minecraft:leave_game":8,"minecraft:time_since_death":213440,"minecraft:climb_one_cm":15545,"minecraft:sprint_one_cm":748503,"minecraft:walk_one_cm":1560468,"minecraft:drop":34,"minecraft:talked_to_villager":1,"minecraft:play_time":416066,"minecraft:sneak_time":12726,"minecraft:deaths":6,"minecraft:walk_under_water_one_cm":32802,"minecraft:boat_one_cm":333826,"minecraft:jump":4053,"minecraft:interact_with_blast_furnace":4,"minecraft:walk_on_water_one_cm":81288,"minecraft:total_world_time":416066,"minecraft:interact_with_furnace":12,"minecraft:interact_with_stonecutter":1,"minecraft:sleep_in_bed":20,"minecraft:time_since_rest":37696,"minecraft:damage_taken":4211,"minecraft:damage_dealt":4469,"minecraft:swim_one_cm":103266,"minecraft:fly_one_cm":593710,"minecraft:open_chest":81,"minecraft:crouch_one_cm":31789,"minecraft:interact_with_smoker":5,"minecraft:fall_one_cm":81290,"minecraft:horse_one_cm":1624},"minecraft:mined":{"minecraft:white_bed":3,"minecraft:deepslate_diamond_ore":4,"minecraft:glow_lichen":1,"minecraft:allium":14,"minecraft:grass_block":132,"minecraft:spruce_leaves":1,"minecraft:furnace":1,"minecraft:iron_ore":21,"minecraft:pumpkin":19,"minecraft:deepslate_lapis_ore":3,"minecraft:deepslate_iron_ore":1,"minecraft:purple_carpet":12,"minecraft:stripped_oak_log":101,"minecraft:pink_tulip":6,"minecraft:stone":40,"minecraft:deepslate_redstone_ore":2,"minecraft:dandelion":17,"minecraft:oak_fence":28,"minecraft:crafting_table":4,"minecraft:cornflower":5,"minecraft:torch":3,"minecraft:blast_furnace":1,"minecraft:poppy":1,"minecraft:rose_bush":18,"minecraft:tall_grass":11,"minecraft:copper_ore":40,"minecraft:deepslate_gold_ore":3,"minecraft:oak_planks":465,"minecraft:wall_torch":1,"minecraft:amethyst_block":40,"minecraft:purple_bed":9,"minecraft:wheat":3,"minecraft:lilac":36,"minecraft:birch_leaves":5,"minecraft:white_wall_banner":1,"minecraft:bee_nest":1,"minecraft:grass":149,"minecraft:oak_log":942,"minecraft:coal_ore":61,"minecraft:sunflower":22,"minecraft:dirt":126,"minecraft:oak_leaves":187,"minecraft:deepslate":2},"minecraft:dropped":{"minecraft:iron_ingot":4,"minecraft:cooked_beef":1,"minecraft:oak_log":80,"minecraft:diamond":4,"minecraft:oak_fence":1,"minecraft:cobblestone":3,"minecraft:stick":1,"minecraft:dirt":75,"minecraft:wooden_axe":1,"minecraft:string":1,"minecraft:pink_tulip":3,"minecraft:furnace":1,"minecraft:raw_copper":23,"minecraft:raw_iron":1,"minecraft:oak_planks":29,"minecraft:poppy":1,"minecraft:shield":2,"minecraft:allium":11,"minecraft:purple_bed":1,"minecraft:oak_sapling":1,"minecraft:chest":1,"minecraft:arrow":1,"minecraft:beef":1},"minecraft:broken":{"minecraft:stone_sword":1,"minecraft:iron_axe":2,"minecraft:stone_axe":11,"minecraft:wooden_axe":1},"minecraft:killed_by":{"minecraft:creeper":1,"minecraft:skeleton":4},"minecraft:picked_up":{"minecraft:wooden_axe":1,"minecraft:iron_chestplate":2,"minecraft:crafting_table":6,"minecraft:allium":11,"minecraft:ladder":1,"minecraft:shield":3,"minecraft:amethyst_block":38,"minecraft:cornflower":7,"minecraft:string":4,"minecraft:raw_copper":121,"minecraft:iron_axe":2,"minecraft:iron_leggings":1,"minecraft:iron_shovel":1,"minecraft:cobbled_deepslate":9,"minecraft:beef":6,"minecraft:rose_bush":3,"minecraft:poppy":5,"minecraft:iron_pickaxe":4,"minecraft:sugar_cane":15,"minecraft:chest":2,"minecraft:birch_sapling":5,"minecraft:furnace":5,"minecraft:iron_boots":5,"minecraft:egg":1,"minecraft:stick":240,"minecraft:raw_iron":26,"minecraft:oak_fence":31,"minecraft:torch":8,"minecraft:porkchop":5,"minecraft:pointed_dripstone":17,"minecraft:diorite":1,"minecraft:redstone":30,"minecraft:golden_chestplate":2,"minecraft:stone_sword":3,"minecraft:rotten_flesh":19,"minecraft:arrow":17,"minecraft:stone_shovel":1,"minecraft:pink_tulip":5,"minecraft:mutton":14,"minecraft:cobblestone":52,"minecraft:white_wool":12,"minecraft:stripped_oak_log":101,"minecraft:birch_log":74,"minecraft:leather_chestplate":1,"minecraft:cooked_beef":4,"minecraft:feather":4,"minecraft:lilac":30,"minecraft:andesite":5,"minecraft:leather":4,"minecraft:potato":2,"minecraft:birch_planks":30,"minecraft:oak_log":1530,"minecraft:golden_boots":1,"minecraft:lapis_lazuli":21,"minecraft:dirt":339,"minecraft:white_banner":6,"minecraft:purple_carpet":11,"minecraft:cooked_mutton":4,"minecraft:bone":16,"minecraft:apple":10,"minecraft:bow":1,"minecraft:wheat_seeds":48,"minecraft:raw_gold":9,"minecraft:rabbit_hide":2,"minecraft:iron_ingot":4,"minecraft:stone_pickaxe":2,"minecraft:rabbit":1,"minecraft:oak_planks":695,"minecraft:cooked_porkchop":16,"minecraft:pumpkin":18,"minecraft:dandelion":40,"minecraft:spyglass":2,"minecraft:sand":14,"minecraft:amethyst_shard":12,"minecraft:blast_furnace":1,"minecraft:white_bed":3,"minecraft:spider_eye":2,"minecraft:purple_bed":11,"minecraft:diamond":4,"minecraft:stone_axe":5,"minecraft:iron_helmet":6,"minecraft:granite":4,"minecraft:bread":4,"minecraft:oak_sapling":241,"minecraft:coal":66,"minecraft:sunflower":21},"minecraft:crafted":{"minecraft:oak_planks":953,"minecraft:stone_shovel":2,"minecraft:cooked_chicken":3,"minecraft:furnace":1,"minecraft:white_carpet":18,"minecraft:cooked_mutton":5,"minecraft:ladder":6,"minecraft:stone_pickaxe":2,"minecraft:purple_carpet":17,"minecraft:magenta_dye":6,"minecraft:oak_fence":36,"minecraft:cooked_beef":4,"minecraft:red_dye":15,"minecraft:cooked_porkchop":4,"minecraft:crafting_table":2,"minecraft:wooden_pickaxe":1,"minecraft:stone_axe":9,"minecraft:blue_dye":10,"minecraft:purple_dye":18,"minecraft:stick":72,"minecraft:wooden_axe":1,"minecraft:stone_sword":2}},"DataVersion":3465}