{"stats":{"minecraft:broken":{"minecraft:stone_sword":1,"minecraft:stone_axe":2},"minecraft:custom":{"minecraft:interact_with_furnace":12,"minecraft:mob_kills":23,"minecraft:interact_with_crafting_table":7,"minecraft:interact_with_stonecutter":1,"minecraft:leave_game":2,"minecraft:time_since_death":115925,"minecraft:sleep_in_bed":7,"minecraft:climb_one_cm":1692,"minecraft:time_since_rest":10820,"minecraft:sprint_one_cm":556682,"minecraft:damage_taken":2776,"minecraft:walk_one_cm":381203,"minecraft:drop":23,"minecraft:damage_dealt":3266,"minecraft:talked_to_villager":1,"minecraft:swim_one_cm":103266,"minecraft:fly_one_cm":379616,"minecraft:open_chest":13,"minecraft:play_time":157886,"minecraft:crouch_one_cm":4871,"minecraft:sneak_time":3528,"minecraft:deaths":4,"minecraft:walk_under_water_one_cm":32802,"minecraft:boat_one_cm":333826,"minecraft:jump":2489,"minecraft:interact_with_blast_furnace":1,"minecraft:walk_on_water_one_cm":81288,"minecraft:interact_with_smoker":5,"minecraft:total_world_time":157886,"minecraft:fall_one_cm":48916},"minecraft:mined":{"minecraft:deepslate_redstone_ore":2,"minecraft:white_bed":3,"minecraft:deepslate_diamond_ore":4,"minecraft:glow_lichen":1,"minecraft:cornflower":1,"minecraft:crafting_table":2,"minecraft:torch":1,"minecraft:blast_furnace":1,"minecraft:allium":14,"minecraft:grass_block":13,"minecraft:poppy":1,"minecraft:rose_bush":18,"minecraft:copper_ore":40,"minecraft:tall_grass":10,"minecraft:spruce_leaves":1,"minecraft:deepslate_gold_ore":3,"minecraft:purple_bed":3,"minecraft:furnace":1,"minecraft:iron_ore":21,"minecraft:wheat":2,"minecraft:lilac":36,"minecraft:birch_leaves":2,"minecraft:pumpkin":19,"minecraft:deepslate_lapis_ore":3,"minecraft:grass":49,"minecraft:coal_ore":61,"minecraft:oak_log":163,"minecraft:deepslate_iron_ore":1,"minecraft:sunflower":22,"minecraft:dirt":28,"minecraft:pink_tulip":6,"minecraft:stone":24,"minecraft:oak_leaves":50,"minecraft:deepslate":2},"minecraft:picked_up":{"minecraft:birch_log":74,"minecraft:crafting_table":4,"minecraft:iron_chestplate":1,"minecraft:allium":11,"minecraft:cooked_beef":4,"minecraft:feather":4,"minecraft:lilac":30,"minecraft:leather":4,"minecraft:birch_planks":24,"minecraft:oak_log":508,"minecraft:shield":3,"minecraft:cornflower":1,"minecraft:lapis_lazuli":21,"minecraft:string":3,"minecraft:dirt":102,"minecraft:raw_copper":121,"minecraft:bone":11,"minecraft:apple":8,"minecraft:wheat_seeds":9,"minecraft:cobbled_deepslate":9,"minecraft:raw_gold":9,"minecraft:iron_ingot":4,"minecraft:beef":6,"minecraft:stone_pickaxe":2,"minecraft:rose_bush":3,"minecraft:poppy":2,"minecraft:iron_pickaxe":3,"minecraft:sugar_cane":15,"minecraft:chest":1,"minecraft:birch_sapling":5,"minecraft:oak_planks":126,"minecraft:furnace":5,"minecraft:iron_boots":4,"minecraft:egg":1,"minecraft:stick":192,"minecraft:raw_iron":26,"minecraft:cooked_porkchop":16,"minecraft:pumpkin":18,"minecraft:oak_fence":2,"minecraft:torch":3,"minecraft:porkchop":3,"minecraft:sand":14,"minecraft:blast_furnace":1,"minecraft:diorite":1,"minecraft:white_bed":3,"minecraft:redstone":30,"minecraft:stone_sword":3,"minecraft:arrow":16,"minecraft:purple_bed":5,"minecraft:rotten_flesh":18,"minecraft:diamond":4,"minecraft:stone_axe":2,"minecraft:iron_helmet":4,"minecraft:granite":4,"minecraft:pink_tulip":5,"minecraft:bread":2,"minecraft:oak_sapling":197,"minecraft:mutton":14,"minecraft:coal":66,"minecraft:white_wool":12,"minecraft:cobblestone":31,"minecraft:sunflower":21},"minecraft:killed_by":{"minecraft:skeleton":2,"minecraft:creeper":1},"minecraft:used":{"minecraft:pink_tulip":1,"minecraft:stone_sword":201,"minecraft:stone_pickaxe":47,"minecraft:cooked_chicken":3,"minecraft:dirt":18,"minecraft:crafting_table":1,"minecraft:white_bed":2,"minecraft:granite":1,"minecraft:apple":4,"minecraft:bread":4,"minecraft:iron_pickaxe":200,"minecraft:stone_axe":231,"minecraft:purple_bed":3,"minecraft:beef":4,"minecraft:furnace":1,"minecraft:porkchop":1,"minecraft:cooked_porkchop":13,"minecraft:egg":1,"minecraft:cooked_beef":3,"minecraft:cooked_mutton":5},"minecraft:killed":{"minecraft:pig":2,"minecraft:sheep":9,"minecraft:skeleton":1,"minecraft:zombie":4,"minecraft:drowned":2,"minecraft:enderman":1,"minecraft:cow":4},"minecraft:dropped":{"minecraft:iron_ingot":4,"minecraft:furnace":1,"minecraft:cooked_beef":1,"minecraft:raw_copper":23,"minecraft:diamond":4,"minecraft:raw_iron":1,"minecraft:cobblestone":3,"minecraft:oak_planks":27,"minecraft:stick":1,"minecraft:poppy":1,"minecraft:dirt":20,"minecraft:shield":2,"minecraft:allium":11,"minecraft:purple_bed":1,"minecraft:oak_sapling":1,"minecraft:chest":1,"minecraft:arrow":1,"minecraft:beef":1,"minecraft:pink_tulip":3},"minecraft:crafted":{"minecraft:cooked_beef":4,"minecraft:red_dye":7,"minecraft:oak_planks":77,"minecraft:cooked_porkchop":4,"minecraft:crafting_table":1,"minecraft:cooked_chicken":3,"minecraft:furnace":1,"minecraft:cooked_mutton":5,"minecraft:blue_dye":1,"minecraft:purple_dye":2,"minecraft:stick":8,"minecraft:stone_pickaxe":1,"minecraft:stone_sword":1,"minecraft:magenta_dye":6}},"DataVersion":3465}