{"stats":{"minecraft:custom":{"minecraft:interact_with_furnace":12,"minecraft:mob_kills":20,"minecraft:interact_with_crafting_table":7,"minecraft:leave_game":1,"minecraft:time_since_death":54946,"minecraft:sleep_in_bed":3,"minecraft:time_since_rest":4580,"minecraft:sprint_one_cm":329909,"minecraft:damage_taken":2426,"minecraft:walk_one_cm":276476,"minecraft:drop":19,"minecraft:damage_dealt":2981,"minecraft:swim_one_cm":69226,"minecraft:fly_one_cm":72339,"minecraft:open_chest":6,"minecraft:crouch_one_cm":3227,"minecraft:play_time":96907,"minecraft:sneak_time":2452,"minecraft:deaths":4,"minecraft:walk_under_water_one_cm":29362,"minecraft:boat_one_cm":46036,"minecraft:jump":1052,"minecraft:walk_on_water_one_cm":64050,"minecraft:total_world_time":96907,"minecraft:fall_one_cm":16096},"minecraft:killed":{"minecraft:pig":2,"minecraft:sheep":7,"minecraft:skeleton":1,"minecraft:zombie":4,"minecraft:drowned":2,"minecraft:enderman":1,"minecraft:cow":3},"minecraft:broken":{"minecraft:stone_sword":1,"minecraft:stone_axe":2},"minecraft:mined":{"minecraft:deepslate_redstone_ore":2,"minecraft:white_bed":2,"minecraft:deepslate_diamond_ore":4,"minecraft:cornflower":1,"minecraft:torch":1,"minecraft:crafting_table":2,"minecraft:glow_lichen":1,"minecraft:allium":14,"minecraft:grass_block":7,"minecraft:poppy":1,"minecraft:rose_bush":18,"minecraft:tall_grass":6,"minecraft:copper_ore":19,"minecraft:deepslate_gold_ore":3,"minecraft:furnace":1,"minecraft:iron_ore":19,"minecraft:lilac":36,"minecraft:birch_leaves":2,"minecraft:pumpkin":19,"minecraft:deepslate_lapis_ore":3,"minecraft:grass":41,"minecraft:oak_log":163,"minecraft:coal_ore":12,"minecraft:deepslate_iron_ore":1,"minecraft:sunflower":22,"minecraft:dirt":27,"minecraft:pink_tulip":4,"minecraft:stone":19,"minecraft:oak_leaves":49,"minecraft:deepslate":2},"minecraft:crafted":{"minecraft:cooked_beef":4,"minecraft:oak_planks":77,"minecraft:crafting_table":1,"minecraft:cooked_chicken":3,"minecraft:furnace":1,"minecraft:cooked_mutton":5,"minecraft:blue_dye":1,"minecraft:purple_dye":2,"minecraft:stick":8,"minecraft:stone_pickaxe":1,"minecraft:stone_sword":1,"minecraft:magenta_dye":6,"minecraft:red_dye":7},"minecraft:dropped":{"minecraft:iron_ingot":4,"minecraft:furnace":1,"minecraft:cooked_beef":1,"minecraft:raw_copper":23,"minecraft:diamond":4,"minecraft:raw_iron":1,"minecraft:cobblestone":3,"minecraft:oak_planks":27,"minecraft:stick":1,"minecraft:poppy":1,"minecraft:shield":2,"minecraft:allium":11,"minecraft:chest":1,"minecraft:arrow":1,"minecraft:pink_tulip":3},"minecraft:killed_by":{"minecraft:skeleton":2,"minecraft:creeper":1},"minecraft:picked_up":{"minecraft:allium":11,"minecraft:birch_log":74,"minecraft:crafting_table":4,"minecraft:iron_chestplate":1,"minecraft:cooked_beef":4,"minecraft:feather":4,"minecraft:lilac":30,"minecraft:leather":4,"minecraft:birch_planks":24,"minecraft:oak_log":508,"minecraft:shield":3,"minecraft:cornflower":1,"minecraft:lapis_lazuli":21,"minecraft:string":3,"minecraft:dirt":98,"minecraft:raw_copper":64,"minecraft:bone":11,"minecraft:apple":4,"minecraft:wheat_seeds":7,"minecraft:cobbled_deepslate":9,"minecraft:raw_gold":9,"minecraft:iron_ingot":4,"minecraft:beef":5,"minecraft:stone_pickaxe":2,"minecraft:rose_bush":3,"minecraft:poppy":2,"minecraft:iron_pickaxe":3,"minecraft:sugar_cane":15,"minecraft:chest":1,"minecraft:birch_sapling":5,"minecraft:oak_planks":126,"minecraft:furnace":5,"minecraft:iron_boots":4,"minecraft:egg":1,"minecraft:raw_iron":24,"minecraft:stick":192,"minecraft:cooked_porkchop":11,"minecraft:pumpkin":18,"minecraft:oak_fence":2,"minecraft:torch":3,"minecraft:porkchop":3,"minecraft:sand":14,"minecraft:diorite":1,"minecraft:white_bed":2,"minecraft:redstone":30,"minecraft:purple_bed":1,"minecraft:stone_sword":3,"minecraft:arrow":16,"minecraft:rotten_flesh":18,"minecraft:diamond":4,"minecraft:stone_axe":2,"minecraft:iron_helmet":4,"minecraft:granite":4,"minecraft:pink_tulip":3,"minecraft:oak_sapling":196,"minecraft:mutton":10,"minecraft:coal":15,"minecraft:white_wool":10,"minecraft:cobblestone":26,"minecraft:sunflower":21},"minecraft:used":{"minecraft:cooked_mutton":5,"minecraft:stone_sword":201,"minecraft:stone_pickaxe":47,"minecraft:cooked_chicken":3,"minecraft:dirt":18,"minecraft:crafting_table":1,"minecraft:white_bed":1,"minecraft:granite":1,"minecraft:apple":4,"minecraft:iron_pickaxe":87,"minecraft:stone_axe":231,"minecraft:beef":4,"minecraft:furnace":1,"minecraft:porkchop":1,"minecraft:cooked_porkchop":7,"minecraft:egg":1,"minecraft:cooked_beef":3}},"DataVersion":3465}