{"stats":{"minecraft:custom":{"minecraft:interact_with_furnace":8,"minecraft:mob_kills":8,"minecraft:interact_with_crafting_table":3,"minecraft:time_since_death":2283,"minecraft:time_since_rest":2324,"minecraft:sprint_one_cm":46983,"minecraft:damage_taken":2037,"minecraft:walk_one_cm":160275,"minecraft:drop":15,"minecraft:damage_dealt":1919,"minecraft:swim_one_cm":5551,"minecraft:fly_one_cm":12481,"minecraft:open_chest":5,"minecraft:crouch_one_cm":2276,"minecraft:play_time":44244,"minecraft:deaths":4,"minecraft:sneak_time":1112,"minecraft:walk_under_water_one_cm":27646,"minecraft:jump":335,"minecraft:walk_on_water_one_cm":41012,"minecraft:total_world_time":44244,"minecraft:fall_one_cm":4933},"minecraft:killed":{"minecraft:skeleton":1,"minecraft:zombie":4,"minecraft:drowned":2,"minecraft:enderman":1},"minecraft:broken":{"minecraft:stone_axe":2},"minecraft:mined":{"minecraft:deepslate_redstone_ore":2,"minecraft:deepslate_diamond_ore":4,"minecraft:crafting_table":1,"minecraft:torch":1,"minecraft:grass_block":1,"minecraft:copper_ore":7,"minecraft:deepslate_gold_ore":3,"minecraft:iron_ore":19,"minecraft:deepslate_lapis_ore":3,"minecraft:grass":3,"minecraft:deepslate_iron_ore":1,"minecraft:oak_log":163,"minecraft:stone":9,"minecraft:oak_leaves":36,"minecraft:deepslate":2},"minecraft:crafted":{"minecraft:cooked_beef":4,"minecraft:oak_planks":8,"minecraft:cooked_chicken":3,"minecraft:stick":4,"minecraft:stone_pickaxe":1,"minecraft:stone_sword":1},"minecraft:dropped":{"minecraft:iron_ingot":4,"minecraft:furnace":1,"minecraft:cooked_beef":1,"minecraft:raw_copper":23,"minecraft:diamond":4,"minecraft:raw_iron":1,"minecraft:cobblestone":3,"minecraft:oak_planks":23,"minecraft:stick":1,"minecraft:shield":2,"minecraft:chest":1,"minecraft:arrow":1},"minecraft:killed_by":{"minecraft:skeleton":2,"minecraft:creeper":1},"minecraft:picked_up":{"minecraft:birch_log":74,"minecraft:crafting_table":3,"minecraft:iron_chestplate":1,"minecraft:feather":4,"minecraft:cooked_beef":4,"minecraft:birch_planks":24,"minecraft:oak_log":508,"minecraft:shield":3,"minecraft:lapis_lazuli":21,"minecraft:dirt":64,"minecraft:string":3,"minecraft:raw_copper":23,"minecraft:bone":11,"minecraft:apple":4,"minecraft:cobbled_deepslate":9,"minecraft:raw_gold":9,"minecraft:iron_ingot":4,"minecraft:stone_pickaxe":2,"minecraft:iron_pickaxe":3,"minecraft:sugar_cane":15,"minecraft:chest":1,"minecraft:birch_sapling":5,"minecraft:oak_planks":122,"minecraft:furnace":4,"minecraft:iron_boots":4,"minecraft:egg":1,"minecraft:raw_iron":24,"minecraft:stick":190,"minecraft:cooked_porkchop":3,"minecraft:oak_fence":2,"minecraft:torch":3,"minecraft:sand":14,"minecraft:diorite":1,"minecraft:redstone":30,"minecraft:stone_sword":3,"minecraft:arrow":16,"minecraft:rotten_flesh":18,"minecraft:diamond":4,"minecraft:stone_axe":2,"minecraft:iron_helmet":4,"minecraft:granite":4,"minecraft:oak_sapling":195,"minecraft:coal":3,"minecraft:white_wool":3,"minecraft:cobblestone":16},"minecraft:used":{"minecraft:stone_sword":66,"minecraft:stone_pickaxe":47,"minecraft:cooked_chicken":3,"minecraft:apple":4,"minecraft:iron_pickaxe":21,"minecraft:stone_axe":231,"minecraft:cooked_porkchop":1,"minecraft:egg":1,"minecraft:cooked_beef":3}},"DataVersion":3465}